tecnologia,titulo,empresa,ubicacion,salario_medio,demanda_total
Python,Senior Developer Python  IA,Common MS,España,,4929
Python,Python Developer,Axiom Software Solutions Limited,España,,4929
Python,Python Developer,Multiplica Talent,España,,4929
Python,Python Developer,N Consulting Ltd,Madrid,,4929
Python,Python Developer,Plexus Tech,"Madrid, Comunidad de Madrid",117500.0,4929
Python,Python Developer,Grupo NS,España,,4929
Python,Python Analyst,Virtusa,España,,4929
Python,Python Analyst,Virtusa,Madrid,,4929
Python,Desarrollador Python,Capgemini,España,,4929
Python,Desarrollador Python,Capgemini,Madrid,,4929
Python,Python Developer,amaris,España,,4929
Python,Senior Python Developer,FYST,España,,4929
Python,Senior Python Developer,Multiplica Talent,España,,4929
Python,Junior Python Developer,Gameloft,Barcelona,,4929
Python,Responsable Tecnico Python,Krell Consulting & Training,Cantabria,,4929
Python,Desarrollador/a Python,Arelance,España,25500.0,4929
Python,Python Developer (inglés),Paradigma Digital,"Pozuelo de Alarcón, Madrid",,4929
Python,Python Software Engineer,Tupl,Málaga,,4929
Python,Analista Programador Python,Kenos Technology,Madrid,,4929
Python,Empleo de Python,STANDBY.es,España,,4929
Python,Software Engineer PYTHON,Manpower Trabajo Temporal,Madrid,,4929
Python,Senior Python Developer,Outpost24 Group,Barcelona,,4929
Python,Senior Python Engineer,Jordan martorell s.l.,"Barcelona, Cataluña",80000.0,4929
Python,DESARROLLADOR PYTHON JUNIOR,"Hola Consultores, SL",Barcelona,,4929
Python,Desarrollador/a Python,Capitole,"Madrid, Comunidad de Madrid",100000.0,4929
Python,MDM - PYTHON PROGRAMMER,,Málaga,32000.0,4929
Python,SENIOR PYTHON DEVELOPER,"Hola Consultores, SL",Barcelona,,4929
Python,Senior Python Engineer,Archlet,"Madrid, Comunidad de Madrid",80000.0,4929
Python,Senior Python Engineer,Archlet,"Barcelona, Cataluña",80000.0,4929
Python,Senior Python Developer,King,España,,4929
Python,Senior Python Developer,SlashMobility,"Madrid, Comunidad de Madrid",,4929
Python,Senior Python Engineer,Archlet,España,,4929
Python,Senior Python Developer,Luxoft,España,,4929
Python,Desarrollador Python/Odoo,Visiotech España,España,,4929
Python,Java/Python Engineer,Grupo NS,España,,4929
Python,Middle Python Engineer,N-iX,España,,4929
Python,Software Engineer (Python),Lynx Tech,"Madrid, Comunidad de Madrid",117500.0,4929
Python,Python Tech Lead,Veeva Systems,España,,4929
Python,Senior Python Engineer,Planner5D,España,,4929
Python,"Software Engineer, Python",YouGov,España,,4929
Python,Software Engineer (Python),Prima,Madrid,,4929
Python,Senior Python Engineer,N-iX,España,,4929
Python,"Data Engineer, Python",Bitpanda,España,,4929
Python,Desarrollador Python Senior,Babel,Sevilla,,4929
Python,Analista Programador/a Python,PROCESIA,Madrid,,4929
Python,Full Stack Developer (Python),Axiom Software Solutions Limited,España,57.5,4929
Python,Senior Python Backend Engineer,ClearML,España,,4929
Python,Senior Software Engineer (Python),Booksy,España,,4929
Python,Programador/a Python/FastApi,Grupo NS,España,,4929
Python,Desarrollador Fullstack (python  Angular),Tecdata,"Madrid, Comunidad de Madrid",80000.0,4929
Python,Senior Python Software Engineer,Tupl Inc.,"Málaga, Andalucía",80000.0,4929
Python,Analista Programador/a Python,NetCheck,España,,4929
Python,Python Developer (Alerting & Monitoring),Xenon7,Madrid,,4929
Python,"Programador/a Python, hibrido",CAS TRAINING,España,,4929
Python,Analista Programador/a Python,Procesia Proyectos y Servicios,España,,4929
Python,Data Scientist Python. Viladecans,Grupo NS,España,,4929
Python,Programador/a Python – Ciberseguridad,i2 Smart,"Castell-Platja d'Aro, Girona",,4929
Python,Senior Python Software Engineer,IT Partner,"Madrid, Comunidad de Madrid",100000.0,4929
Python,Senior Software Engineer - Python,Openchip & Software Technologies,España,80000.0,4929
Python,"AI Developer (Python, Pyspark)",Arelance,Madrid,34500.0,4929
Python,Data Engineer (Python). Teletrabajo,,España,,4929
Python,Senior Python Software Engineer,Tecdata,"Madrid, Comunidad de Madrid",100000.0,4929
Python,Backend Developer (Python - Django),SenseisTalent,Barcelona,,4929
Python,Python Developer - Data & Analytics,AXON-Networks,"Alcobendas, Madrid",,4929
Python,Python Engineer II (Contract),Fliff,Barcelona,,4929
Python,Python Engineer II (Contract),Fliff,Madrid,,4929
Python,Senior/Lead Python Engineer,N-iX,España,,4929
Python,Senior Backend Python Engineer,M47 - AI Company,"Barcelona, Cataluña",80000.0,4929
Python,"Software Engineer, AI (Python)",G2i Inc.,Valencia,,4929
Python,Senior Python Backend Engineer,ClearML,Madrid,,4929
Python,"Senior Software Engineer, Python",YouGov,España,,4929
Python,Desarrollador/a python jr,FHIOS,Barcelona,,4929
Python,"Senior Software Engineer, Python",YouGov,"Barcelona, Cataluña",80000.0,4929
Python,Backend Tech Lead (Python),Singularu,Valencia,,4929
Python,Senior Python Engineer (Contract),Fliff,"Barcelona, Cataluña",80000.0,4929
Python,Senior Python Engineer (Contract),Fliff,Barcelona,,4929
Python,Senior Python Engineer (Contract),Fliff,Madrid,,4929
Python,Senior Python Engineer (Contract),Fliff,"Madrid, Comunidad de Madrid",80000.0,4929
Python,Frontend Developer Python-Odoo,Icompplus Electronics,"Leganés, Madrid",,4929
Python,Senior Backend Python Engineer,M47 Labs,Barcelona,,4929
Python,Sr. Backend Developer (Python),Datamaran,Valencia,,4929
Python,Senior Software Engineer (Python),IST Group,Madrid,,4929
Python,Senior Python Cloud Developer,,Madrid,55000.0,4929
Python,Senior Software Engineer (Python),CHEP,"Madrid, Comunidad de Madrid",100000.0,4929
Python,Senior Backend Python Engineer,M47labs,"Barcelona, Cataluña",80000.0,4929
Python,Senior Python Cloud Developer,,Madrid,50000.0,4929
Python,Technical Lead Backedn (Python),Parser Limited,España,,4929
Python,Python Software Development Engineer,M47 Labs,España,,4929
Python,Python Software Development Engineer,M47 Labs,Madrid,,4929
Python,Lead Backend Engineer (Python),N-iX,España,,4929
Python,Senior Backend Engineer – Python,Contentsquare,España,,4929
Python,Senior Software Engineer (Python) - OPS00037,Dev.Pro,España,,4929
Python,Senior Software Engineer (Python/AWS),LocalStack,España,,4929
Python,Freelance Machine Learning Engineer (Python),Mindrift,España,,4929
Python,Programador/a junior python – IA,domestiko.com,Barcelona,,4929
Python,Arquitecto/a Backend Java & Python,Krell Consulting & Training,España,,4929
Python,Programador/a Python. Hibrido Barcelona,Grupo NS,España,,4929
Python,Programador/a Java-Python-Angular,Digital Talent Agency,Málaga,33000.0,4929
Python,Programador/a Python/Javascript. Viladecans,Grupo NS,España,,4929
Python,Analista programador/a Python - Sevilla,,España,42500.0,4929
Java,Java developer,"NTT America, Inc.",Murcia,,2513
Java,Java Software Engineer,"NTT America, Inc.",Cáceres,,2513
Java,Profesionales Java Andaluca,"NTT America, Inc.",Granada,,2513
Java,Profesionales Java Andaluca,"NTT America, Inc.",Málaga,,2513
Java,Java Software Engineer,"NTT America, Inc.",León,,2513
Java,Java Software Engineer,"NTT America, Inc.",Badajoz,,2513
Java,Java Software Engineer,"NTT America, Inc.",Salamanca,,2513
Java,Java Software Engineer,"NTT America, Inc.",Ciudad Real,,2513
Java,Profesionales Java Andaluca,"NTT America, Inc.",España,,2513
Java,Fullstack Java,Grupo NS,España,27000.0,2513
Java,Arquitecto JAVA,ITSicap,"Madrid, Comunidad de Madrid",80000.0,2513
Java,Java Developer,,España,,2513
Java,Backend Java,Social You,España,,2513
Java,Java Developer,Cognizant Technology Solutions,Barcelona,,2513
Java,Programador Java,Azertium IT Global Services SL,España,,2513
Java,Java Developer,HAYS,España,,2513
Java,Programación Java,Second Window,España,,2513
Java,Java Developer,Worldhire,España,,2513
Java,Java developer,Osclass,España,,2513
Java,Java developer,The White Team,Barcelona,,2513
Java,Java Developer,Social You,España,,2513
Java,Java Developer,,Zaragoza,45000.0,2513
Java,DESARROLLADOR JAVA,Deep Creek,España,,2513
Java,SENIOR JAVA,Datatech Business Solutions,"Madrid, Comunidad de Madrid",80000.0,2513
Java,Desarrollador Java,CGI,Madrid,,2513
Java,Java Developer,MKS PAMP,Barcelona,,2513
Java,Desarrollador Java,,España,,2513
Java,Java Developer,Capgemini,España,,2513
Java,Arquitectura Java,Indra,España,,2513
Java,Java Developer,,España,,2513
Java,Java Developer,Babel,Madrid,,2513
Java,Java Engineer,Capgemini,España,,2513
Java,Java Engineer,Capgemini,Madrid,,2513
Java,Profesionales Java,NTT DATA,Jaén,,2513
Java,Java Developer,Babel,España,,2513
Java,JAVA Developers,innoit,Barcelona,,2513
Java,JAVA Fullstack,Inetum,Madrid,,2513
Java,Java Engineer,Bynder,Barcelona,,2513
Java,Desarrollador JAVA,Kyndryl,España,,2513
Java,Senior Java Developer – Migration Java platform,ERNI Spain,Madrid,,2513
Java,Java Technical Lead,Inetum Spain,Barcelona,,2513
Java,Senior Java Developer,Axiom Software Solutions Limited,España,,2513
Java,Senior Java Developer,SkyCell AG,España,,2513
Java,Java Software Engineer,CREALOGIX,Barcelona,,2513
Java,Senior Java Developer,Logifuture,España,,2513
Java,Experto Java/CMS,PROCESIA,Madrid,,2513
Java,Desarrollador/a Java - Canarias,"NTT America, Inc.","Valsequillo de Gran Canaria, Las Palmas",,2513
Java,Team Lead Java,Plexus Tech,"Madrid, Comunidad de Madrid",80000.0,2513
Java,Analista Programador Java,BEIGAR,Madrid,,2513
Java,Tech Lead Java,Serem,Cantabria,,2513
Java,Arquitecto Junior Java,THE BOARD,"Madrid, Comunidad de Madrid",80000.0,2513
Java,Programador/Analista Java,Digital Talent Agency,España,,2513
Java,Desarrollador Senior Java,Amaris Consulting,"Madrid, Comunidad de Madrid",80000.0,2513
Java,Fullstack Java Angular,Michael Page,Málaga,,2513
Java,Java Software Engineer,Azertuim IT,España,,2513
Java,Desarrollador Java / Microservicios,Arelance,España,33000.0,2513
Java,Programador JAVA Freelance,innovacion informatica yntegra2,Barcelona,62400.0,2513
Java,Desarrollador/a Java,Smartway Studio,España,,2513
Java,Desarrollador/a Java,Izertis,España,,2513
Java,Analista Programador Java,Seidor Gesein,"Coslada, Madrid",28000.0,2513
Java,Senior Java Developer,HAYS,Madrid,,2513
Java,Java/DevOps Consultant,ADEREN,Madrid,,2513
Java,Desarrollador/a Java,Serem,España,,2513
Java,Desarrollador Java Senior,Devoteam,"Madrid, Comunidad de Madrid",80000.0,2513
Java,Senior Java Developer,NTT DATA Europe & Latam,"Barcelona, Cataluña",137500.0,2513
Java,Desarrollador Java Senior,AMARIS GROUP SA,"Madrid, Comunidad de Madrid",80000.0,2513
Java,Líder Técnico Java,Serem,Barcelona,,2513
Java,Senior Java developer,Amaris Consulting,"Madrid, Comunidad de Madrid",80000.0,2513
Java,Java Fullstack Developer,Worldhire,España,,2513
Java,Desarrollador Java – Remoto,Azertium IT Global Services SL,Madrid,,2513
Java,Java Tech Lead,HAYS,Barcelona,,2513
Java,Senior Java Developer,SQLI,Barcelona,,2513
Java,Senior Java Developer,SQLI,Barcelona,,2513
Java,Fullstack Java Angular,Krell Consulting,Madrid,,2513
Java,Senior Java Developer,SQLI,"Barcelona, Cataluña",80000.0,2513
Java,Arquitecto / Consultor Java,Api UX,"Madrid, Comunidad de Madrid",80000.0,2513
Java,Senior Java Developer,NTT DATA Europe & Latam,"Madrid, Comunidad de Madrid",80000.0,2513
Java,Senior Java Developer,Adaptive,"Barcelona, Cataluña",80000.0,2513
Java,Java Fullstack Developer,STANDBY.es,Málaga,,2513
Java,Java Guideware Developer,EY,Madrid,,2513
Java,Lead Desarrollador Java,Tuyú Technology,Málaga,28500.0,2513
Java,Java/Python Engineer,Grupo NS,España,,2513
Java,Senior Java developer,,Zaragoza,40000.0,2513
Java,Analista Programador - Java,Sopra-Steria,Barcelona,,2513
Java,Senior Java Developer,CloudaPPi,"Madrid, Comunidad de Madrid",80000.0,2513
Java,Desarrollador Java - Teletrabajo,Hasten group,Madrid,,2513
Java,Application Developer (Java),"Alovia Consulting, S.L",Málaga,,2513
Java,Desarrollador/ Senior Java,JR Spain,"Madrid, Comunidad de Madrid",80000.0,2513
Java,Senior Java Developer,NTT DATA Europe & Latam,"Barcelona, Cataluña",80000.0,2513
Java,SENIOR JAVA DEVELOPER,,España,,2513
Java,Programador Java – Zaragoza,KPMG Tech&Transform Zaragoza,Zaragoza,,2513
Java,Senior Java Micro,ALTEN SPAIN,"Madrid, Comunidad de Madrid",80000.0,2513
Java,Java Developer Specialist,Virtusa,España,,2513
Java,TECH LEAD JAVA,,Madrid,60000.0,2513
Java,Analista Java Microservicios,Apiux Tech,"Madrid, Comunidad de Madrid",80000.0,2513
Java,Java Engineer ID46880,AgileEngine,Madrid,,2513
Java,Java Engineer ID46880,AgileEngine,Valencia,,2513
Java,Java Engineer ID46880,AgileEngine,Barcelona,,2513
Java,Développeur JAVA - SBS -,Sopra Steria,Madrid,,2513
Java,Développeur JAVA sénior,Sopra Steria,Madrid,,2513
JavaScript,Javascript Developer,Plexus Tech,"Madrid, Comunidad de Madrid",117500.0,1546
JavaScript,Software Engineer - JavaScript/TypeScript,Rithum,España,,1546
JavaScript,Senior Javascript Developer,Plexus Tech,"Madrid, Comunidad de Madrid",80000.0,1546
JavaScript,Empleo de JavaScript,STANDBY.es,España,,1546
JavaScript,Senior JavaScript Engineer,LeoVegas Group,España,,1546
JavaScript,Full Stack Developer - Javascript,Eterniti,"Sant Adrià de Besòs, Barcelona",,1546
JavaScript,JavaScript/TypeScript Game Developer,elagames,España,,1546
JavaScript,Senior JavaScript Developer (MarTech),Jobgether,España,,1546
JavaScript,Desarrollador de JavaScript SENIOR,JR Spain,"Madrid, Comunidad de Madrid",80000.0,1546
JavaScript,Senior Fullstack Software Engineer - JavaScript / TypeScript,Rithum,España,,1546
JavaScript,Programador/a Python/Javascript. Viladecans,Grupo NS,España,,1546
JavaScript,552 – Analista Programador/a JavaScript,Ibertech,España,,1546
JavaScript,Desarrollador .Net - Javascript EN REMOTO,,España,40000.0,1546
JavaScript,Senior Full Stack JavaScript Engineer,Jobgether,España,,1546
JavaScript,JavaScript ( Con Inglés) Híbrido Madrid,SlashMobility,"Madrid, Comunidad de Madrid",,1546
JavaScript,Senior Software Engineer (Vanilla JavaScript / WebGL),Voovio,España,,1546
JavaScript,Senior Front End JavaScript/Angular/TypeScript,PANEL Sistemas Informáticos,España,,1546
JavaScript,Developer (Node y Javascript) H/M,INETUM,España,,1546
JavaScript,PROGRAMADOR/A WEB JUNIOR – LARAVEL & JAVASCRIPT,PINSOS URSA,"Alcoletge, Lleida",,1546
JavaScript,Fullstack Engineer (Python-JavaScript)- Energy s.,Merlin Digital Partner,Madrid,,1546
JavaScript,"Frontend Developer (HTML, CSS, Javascript) - Indonesia",WE ARE CRISP,España,,1546
JavaScript,QA ( JavaScript y Cypres) Experiencia sector banca,SlashMobility,"Madrid, Comunidad de Madrid",,1546
JavaScript,Full-Stack JavaScript Developer (Node.js/React.js),Trinetix,España,,1546
JavaScript,Senior Full Stack JavaScript Engineer - Global Remote | SaaS,Passion.io,España,,1546
JavaScript,Desarrollador Frontend JavaScript Nativo 100% Remoto M/F,Akka Technologies,España,,1546
JavaScript,JavaScript & Google Apps Script Developer (m/f/d),Zoi,Sevilla,,1546
JavaScript,Full-Stack JavaScript Developer (Node.js and React.js),Trinetix,España,,1546
JavaScript,"Desarrollador/a Web 3D (Babylon.js, JavaScript/TypeScript) – Remoto",The White Team,"Bilbao, Vizcaya",,1546
JavaScript,"Técnico de Sistemas y Desarrollador PHP, MySQL y JavaScript",ONEtoONE Corporate Finance,Madrid,,1546
JavaScript,"Técnico de Sistemas y Desarrollador PHP, MySQL y JavaScript",ONEtoONE Corporate Finance,Madrid,,1546
JavaScript,Soporte IT y Desarrollo Full Stack (PHP / JavaScript) - Madrid centro,ONEtoONE Corporate Finance,Madrid,,1546
JavaScript,"Desarrollador/A Front-End (Angular, Html, Css, Javascript)  Node.Js",Avalora,Madrid,,1546
JavaScript,"Desarrollador/a Full-Stack JavaScript (Vue 3 / Node.js) – Junior, Intermedio y Senior - Remoto",Expleo,Barcelona,,1546
JavaScript,Programador IA(Python/Java/React/Node). Inglés,Grupo NS,España,,1546
JavaScript,PROGRAMADOR,Weex,España,,1546
JavaScript,Programador/a Java/Microservicios/Apirest,Grupo NS,España,,1546
JavaScript,"SEO, SEM, programación y analítica",Otzarreta Think & Make,España,,1546
JavaScript,Frontend Developer Vue_ Proyecto Temporal,ORIZON SOLUCIONES TECNOLOGICAS,España,,1546
JavaScript,Senior Backend Node  AWS con Inglés,CMV Consultores,Barcelona,34500.0,1546
JavaScript,Programador Senior Angular 18. Híbirdo Madrid,Grupo NS,España,,1546
JavaScript,Programador/a Java/Spring/Html. Hibrido,Grupo NS,España,,1546
JavaScript,Fullstack Node/Vuejs,Grupo NS,España,,1546
JavaScript,Especialista en desarrollo Front end,"NTT America, Inc.",España,,1546
JavaScript,Especialista en desarrollo Front end,"NTT America, Inc.",León,,1546
JavaScript,Especialista en desarrollo Front end,"NTT America, Inc.","Castellón, Comunidad Valenciana",,1546
JavaScript,Especialista en desarrollo Front end,"NTT America, Inc.",Murcia,,1546
JavaScript,Especialista en desarrollo Front end,"NTT America, Inc.",Ciudad Real,,1546
JavaScript,Especialista en desarrollo Front end,"NTT America, Inc.",Cáceres,,1546
JavaScript,Especialista en desarrollo Front end,"NTT America, Inc.",Huesca,,1546
JavaScript,Especialista en desarrollo Front end,"NTT America, Inc.",Badajoz,,1546
JavaScript,Especialista en desarrollo Front end,"NTT America, Inc.","Valsequillo de Gran Canaria, Las Palmas",,1546
JavaScript,Especialista en desarrollo Front end,"NTT America, Inc.",Málaga,,1546
JavaScript,Especialista en desarrollo Front end,"NTT America, Inc.","Alicante, Comunidad Valenciana",,1546
JavaScript,Especialista en desarrollo Front end,"NTT America, Inc.",Santa Cruz de Tenerife,,1546
JavaScript,Especialista en desarrollo Front end,"NTT America, Inc.",Salamanca,,1546
JavaScript,Especialista en desarrollo Front end,"NTT America, Inc.",Granada,,1546
JavaScript,Diseñador Web Senior,Prisma Imagen y Diseño,"Avilés, Asturias",22000.0,1546
JavaScript,Programador Senior Angular 18. Híbirdo Madrid,Grupo NS,España,,1546
JavaScript,Desarrolladors .NET junior,INETUM,Madrid,,1546
JavaScript,Senior Full Stack Laravel Developer,Cross Border Talents,España,40.0,1546
JavaScript,Front End Lead (ReactJS),Axiom Software Solutions Limited,España,47.5,1546
JavaScript,Programación Java,Second Window,España,,1546
JavaScript,Desarrollador Fullstack (python  Angular),Tecdata,"Madrid, Comunidad de Madrid",80000.0,1546
JavaScript,Programador Senior,XIMDEX,"La Rinconada, Sevilla",,1546
JavaScript,Node.is Software Developer,Valsoft Corporation,España,25.0,1546
JavaScript,Full Stack Desarrollador,Behum,"Sant Cugat del Vallès, Barcelona",,1546
JavaScript,Líder Técnico NodeJS,Serem,Barcelona,,1546
JavaScript,Desarrollador/a Frontend,UST,España,,1546
JavaScript,PL/SQL Developer,Axiom Software Solutions Limited,España,,1546
JavaScript,"Desarrollador/a Full Stack, Melilla",TipsterPage,Melilla,,1546
JavaScript,Desarrollador Front-end (Angular),ESML SD Iberia Holding S A U,"Boadilla del Monte, Madrid",,1546
JavaScript,Senior Click Dimensions / Dynamics CRM,Aderen,España,,1546
JavaScript,Full Stack Developer,Logicalis Spain,Barcelona,,1546
JavaScript,"Desarrollador/a Full Stack (Typescript), hibrido",Arelance,España,,1546
JavaScript,QA Automation,"Alovia Consulting, S.L",Madrid,,1546
JavaScript,"Desarolladores Senior Fullstack (Reactjs, Nodejs, Java, Reactjs, Redux, Backbonejs) con inglés",Inetum Levante,"Alicante, Comunidad Valenciana",,1546
JavaScript,Software Engineer,SDG Group,"Santiago de Compostela, A Coruña",,1546
JavaScript,"Programador/a Fullstack Java Springboot, hibrido",CAS TRAINING,España,,1546
JavaScript,"Analista/Programador ASP.NET MVC y C#, hibrido",Lndeter,España,,1546
JavaScript,Programador/a Senior Java Spring,Digital Talent Agency,A Coruña,33000.0,1546
JavaScript,Senior Software Engineer,Microsoft Corporation,Barcelona,,1546
JavaScript,Desarrollador/a Magnolia – 100% Teletrabajo,Infortec Consultores,España,,1546
JavaScript,"Analista Programador/a Dynamics 365 CRM, presencial",CMV Consultores,España,,1546
JavaScript,DESARROLLADOR FRONTEND,The White Team,"Bilbao, Vizcaya",,1546
JavaScript,Senior React Native,Page Personnel,Barcelona,,1546
JavaScript,Farmacéuto/a en Mijas (Málaga),,"Mijas, Málaga",,1546
JavaScript,Farmacéuto/a en Medi,,España,,1546
JavaScript,API Engineer,Axiom Software Solutions Limited,España,,1546
JavaScript,Adobe Experience Platform Martech Engineer,Cognizant Netcentric,Madrid,,1546
JavaScript,Adobe Experience Platform Martech Engineer,Cognizant Netcentric,Barcelona,,1546
JavaScript,Farmacéuto/a en Mijas,,"Mijas, Málaga",,1546
JavaScript,Farmacéuto/a en Mijas,,"Mijas, Málaga",,1546
JavaScript,Farmacéuto/a en Estepona (Málaga),,"Estepona, Málaga",,1546
JavaScript,Farmacéuto/a en Arroyo de la Miel (Málaga),,"Arauzo de Miel, Burgos",,1546
JavaScript,Desarrollador/a .NET,,España,,1546
JavaScript,Senior DevOps Engineer,ITRex Group,España,,1546
JavaScript,Farmacéuto/a en Málaga capital,,Málaga,,1546
JavaScript,Programador Java,Azertium IT Global Services SL,España,,1546
JavaScript,Full Stack developer React y NodeJS,Inetum North,"Bilbao, Vizcaya",,1546
JavaScript,Desarrollador/a Frontend. Madrid (Híbrido),eXperience IT Solutions,España,,1546
SQL,SQL Developer,PrimeIT,España,,3722
SQL,SQL Developer (OLTP),Trinetix,España,,3722
SQL,PL/SQL Developer,Axiom Software Solutions Limited,España,42.5,3722
SQL,PL/SQL Developer,Axiom Software Solutions Limited,España,,3722
SQL,Especialista en Performance SQL (PL/SQL  Oracle),SlashMobility,"Barcelona, Cataluña",,3722
SQL,Senior Sql Developer,Seargin,Barcelona,,3722
SQL,Data Modeler / SQL,Plexus Tech,"Madrid, Comunidad de Madrid",80000.0,3722
SQL,Empleo de SQL,STANDBY.es,España,,3722
SQL,DBA (SQL Server),,Madrid,50000.0,3722
SQL,DBA (SQL Server),Page Personnel ETT,Madrid,,3722
SQL,"DBA Senior: SQL/MS SQL, Backups y Recuperación, ITIL",Tecdata,"Madrid, Comunidad de Madrid",80000.0,3722
SQL,Analista Programador PL/SQL,Michael Page,España,,3722
SQL,Quantitative Developer SQL Mathematics,Client Server,"Humanes de Madrid, Madrid",80000.0,3722
SQL,DBA Architect SQL Server,CGI,España,,3722
SQL,Administrativo/a con SQL,COGNODATA,Madrid,,3722
SQL,SQL Developer - Entorno Híbrido,PrimeIT España,"Madrid, Comunidad de Madrid",117500.0,3722
SQL,DBA SQL (Inglés B2),Sopra-Steria,Madrid,,3722
SQL,Data Analyst (PowerBI / SQL),beonit,"Arteixo, A Coruña",,3722
SQL,Dba Oracle/Sql Server,Getronics,Madrid,,3722
SQL,Data Engineer (Tableau / SQL),knowmad mood,España,,3722
SQL,ERP Developer Delphi & SQL Server,Social You,Barcelona,34500.0,3722
SQL,Senior Database Administrator (AWS/SQL),Verisk Analytics,España,,3722
SQL,Administrador Base de Datos SQL,Trabajos en Demo Datos,España,,3722
SQL,Programmer Analyst SQL BI (Remoto),CMV Consultores,España,19500.0,3722
SQL,Java & SQL Developer (Híbrido) - Sagunto,,Valencia,41500.0,3722
SQL,ERP Developer (Delphi & SQL Server),Kenos Technology,Barcelona,,3722
SQL,Fullstack (Java/Angular/PL-SQL),Second Window,Madrid,,3722
SQL,Consultor/a SQL (I&D),,España,,3722
SQL,Senior Data Engineer (SQL Server),Wizeline,España,80000.0,3722
SQL,Data Engineer (ETL/SQL/BI),Finsolutia,Madrid,,3722
SQL,"Senior Software Engineer (.Net, Sql)",Frontiers,Madrid,,3722
SQL,"Senior Software Engineer (.NET, SQL)",Frontiers,Madrid,,3722
SQL,Microstrategy  SQL (Oracle) H/M,INETUM,Sevilla,,3722
SQL,Consultor PL/SQL (I&D),,España,,3722
SQL,Senior Data Engineer (SQL Server),Wizeline,España,,3722
SQL,Data Analyst (Python & SQL) - French Proficient Speaker,IQVIA,Madrid,,3722
SQL,"Back End Developer (Node.js, SQL)",Action1,España,,3722
SQL,Programador/a PHP con conocimientos SQL,domestiko.com,"Fuenlabrada, Madrid",,3722
SQL,Desarrollador SQL / SSIS Madrid · Completamente remoto,Tecdata,"Barcelona, Cataluña",80000.0,3722
SQL,Desarrollador .NET / SQL Server c AI,TECSINFO,Sevilla,31500.0,3722
SQL,Analista Programador/a PL/SQL. Teletrabajo,,España,,3722
SQL,Database engineer (sql server & azure) 82b2f040,EY,Barcelona,,3722
SQL,Desarrollador/a ASP.NET & SQL Server,"Excelia, SL","Boadilla del Monte, Madrid",,3722
SQL,Analista de datos con SQL alto,Super Deporte,"Madrid, Comunidad de Madrid",80000.0,3722
SQL,Desarrollador Oracle PL/SQL – Barcelona (Híbrido),AD4 Octógono,"Barcelona, Cataluña",80000.0,3722
SQL,Desarrollador/A Sql Server / Data Engineer,"CON&SEL15, Consultoría y Selección",Madrid,,3722
SQL,"Quantitative Developer: SQL & Math (Madrid, Onsite)",Client Server,"Humanes de Madrid, Madrid",80000.0,3722
SQL,Analista de Datos (Snowflake-SQL-Tableau),CAS TRAINING,"Pozuelo de Alarcón, Madrid",36000.0,3722
SQL,Desarrollo SQL/ Sector Banca H/M,INETUM,España,,3722
SQL,Desarrollador/A Sql Server / Data Engineer,"CON&SEL15, Consultoría y Selección",Madrid,,3722
SQL,Desarrollador/A Sql Server / Data Engineer,"CON&SEL15, Consultoría y Selección",Ceuta,,3722
SQL,Programador/a PHP con conocimientos SQL,domestiko.com,España,,3722
SQL,PowerBi Developer - DAX & SQL - Pharmaceutical Project,ERNI Spain,Barcelona,,3722
SQL,"Desarrollador Senior Java — Remoto, Logística & SQL",Movilges,"Madrid, Comunidad de Madrid",80000.0,3722
SQL,Data Lake - Senior Developer (Tableau-SQL-Phyton),Axiom Software Solutions Limited,España,57.5,3722
SQL,Freelance Computational Data Science Expert (Python & SQL),Mindrift,España,,3722
SQL,Analista Programador Pl/Sql Y Oracle Forms,Acm Innovación Y Personas,"Álava, País Vasco",,3722
SQL,Analista Programador Pl/Sql Y Oracle Forms,Acm Innovación Y Personas,"Vitoria-Gasteiz, Álava",,3722
SQL,Analista Programador Pl/Sql Y Oracle Forms,Acm Innovación Y Personas,"Álava, País Vasco",,3722
SQL,Analista Programador Pl/Sql Y Oracle Forms,Acm Innovación Y Personas,"Álava, País Vasco",,3722
SQL,"Analista de Datos (Snowflake-SQL-Tableau), Madrid",CAS TRAINING,España,,3722
SQL,Analista-Programador PL/SQL y Oracle Forms,,"Bilbao, Vizcaya",33000.0,3722
SQL,Analista Programador .NET con Angular y SQL,Novanotio,España,,3722
SQL,Analista de Datos | MicroStrategy & SQL | Híbrido Barcelona,Zemsania Global Group,"Barcelona, Cataluña",80000.0,3722
SQL,Administrador de bases de datos SQL Server,Logicalis Spain,"Madrid, Comunidad de Madrid",80000.0,3722
SQL,Desarrollo PL/SQL  VB.Net H/M,Gfi Informatique,"Bilbao, Vizcaya",,3722
SQL,Desarrollador PL/SQL Oracle | Mantenimiento y Evolución,Ad4 Octogono,"Barcelona, Cataluña",80000.0,3722
SQL,Analista Programador Oracle (PL/SQL) H/M,INETUM,Madrid,,3722
SQL,Analista de Datos BI | MicroStrategy  SQL | Híbrido,Zemsania Global Group,"Barcelona, Cataluña",80000.0,3722
SQL,Senior Programador C – Linux & SQL 100% remoto,SlashMobility,"Barcelona, Cataluña",,3722
SQL,Analista programador/a PL/SQL | Presencial Barcelona,Kenos Technology,Barcelona,,3722
SQL,Data Analyst (Python & SQL) - French Proficient Speaker,IQVIA,España,,3722
SQL,Desarrollador PL/SQL – Oracle 100% en remoto,SlashMobility,"Barcelona, Cataluña",80000.0,3722
SQL,Freelance Data Science Expert (Python & SQL) / AI Trainer,Mindrift,España,,3722
SQL,Especialista SQL - Toledo (Horario 08-15H) - Empresa final,,España,45000.0,3722
SQL,Analista de Datos MicroStrategy y SQL | Híbrido Barcelona,SEREM Consultoría Empresarial,"Barcelona, Cataluña",80000.0,3722
SQL,Microsoft SQL Server Database Administrator (m/f/d),REWE digital Spain,"Alhaurín de la Torre, Málaga",,3722
SQL,"Analista de Datos CMDB | PowerBI, SQL y KPIs",NTT DATA Europe & Latam,"Madrid, Comunidad de Madrid",80000.0,3722
SQL,DBA: Optimización de Bases de Datos SQL – Madrid,ALTEN Spain,"Madrid, Comunidad de Madrid",80000.0,3722
SQL,"Senior Data Scientist — AI/ML, SQL & Cloud Analytics",Publicis Groupe España,"Madrid, Comunidad de Madrid",80000.0,3722
SQL,"Ingeniero/a .NET – Desarrollo de Aplicaciones, C#, SQL",ALTEN SPAIN,"Getafe, Madrid",80000.0,3722
SQL,Asistente de Datos (SQL) - Madrid | Francés & Espagnol (Obligatorio)  Inglés,PRGX France,España,,3722
SQL,Desarrollador Data Warehouse – SQL Server – 100 % Teletrabajo M/F,Akka Technologies,España,,3722
SQL,Analista Funcional (PL/SQL) (H/M/X). 100% Remoto,Correoandalucia,"Madrid, Comunidad de Madrid",80000.0,3722
SQL,"Programador/a .NET MVC (C#, SQL Server) – Hibrido(Madrid)",The White Team,España,,3722
SQL,Senior Programador C – Linux & SQL 100% remoto ( Con inglés),SlashMobility,"Barcelona, Cataluña",,3722
SQL,Senior Data Analyst / Business Insights Specialist (Telco) – SQL & Cloud,Vodafone,España,,3722
SQL,Analista de Datos Junior (SQL) – Madrid | Francés & Español (Obligatorio)  Inglés,PRGX,"Alcobendas, Madrid",,3722
SQL,Desarrollador/A Full Stack | 100% Remoto | (React  .Net  Sql Server),STANDBY Consultores,Málaga,,3722
SQL,Desarrollador/a Full Stack | 100% Remoto | (React  .NET  SQL Server),STANDBY.es,"Torremolinos, Málaga",,3722
SQL,"Analista de Datos | Power BI, SQL y Cultura People First",Sopra Steria,"Barcelona, Cataluña",80000.0,3722
SQL,Desarrollador COBOL/DB2/SQL/C#. NET. Hibrido (H/M/X),Manpower Trabajo Temporal,Barcelona,,3722
SQL,Técnico/a de Sistemas Windows/SQL - Centro Operaciones y Cloud H/M,INETUM,España,,3722
SQL,"Data Analyst | Power BI, SQL y Cultura People First | Barcelona/Girona (híbrido) | Francés alto",Eurofirms Group | People first,"Barcelona, Cataluña",80000.0,3722
SQL,Cloud Solution Architect - Fabric/BI (Spanish speaker),Penta Consulting,España,,3722
SQL,Data Steward,AgnesCole Consulting,España,,3722
SQL,PD/ Developer,Axiom Software Solutions Limited,España,57.5,3722
SQL,Development Reporting Services (SSRS) H/M,INETUM,Madrid,,3722
SQL,DATA Engineer with Snowflake,Axiom Software Solutions Limited,España,,3722
SQL,Desarrollador PLSQL,AD4 Octógono,"Barcelona, Cataluña",80000.0,3722
PHP,Desarrollador PHP,Serviguide BPO,España,,392
PHP,PHP Developer,Fever,España,,392
PHP,PHP Engineer,MailerLite,España,67500.0,392
PHP,PHP Developer,Softeca,España,,392
PHP,Desarrollador/a PHP,domestiko.com,Barcelona,,392
PHP,Developer PHP experiencia,Acme Sa,España,,392
PHP,Desarrollador/a PHP,domestiko.com,España,,392
PHP,PHP Developer - MÁLAGA,,Málaga,26000.0,392
PHP,PHP Developer-Ecommerce,ILERNA,España,,392
PHP,Empleo de PHP,STANDBY.es,España,,392
PHP,Senior PHP Developer,Planner5D,España,,392
PHP,Middle PHP Developer,,España,,392
PHP,Senior PHP Developer,,España,,392
PHP,Drupal & PHP Developer,Sopra-Steria,Barcelona,,392
PHP,PHP Senior Developer,Tuguu.com,"Adeje, Santa Cruz de Tenerife",,392
PHP,Senior PHP Developer,FeverUp,España,,392
PHP,1002 | Senior PHP Developer,Intetics,España,,392
PHP,Analista Programador/A PHP,Kenos Technology,Madrid,,392
PHP,Programador PHP en Wordpress,Digital Green,Zaragoza,27000.0,392
PHP,PHP Developer M/F,Akkodis,España,,392
PHP,Lead Engineer PHP - Accommodation,eDreams ODIGEO,"Barcelona, Cataluña",80000.0,392
PHP,Desarrollador/a PHP Laravel,Ideable,España,,392
PHP,Senior PHP Backend Developer,Once For All - Nalanda,"Pozuelo de Alarcón, Madrid",,392
PHP,Lead Engineer PHP - Accommodation,Edreams,España,,392
PHP,Lead Engineer PHP - Accommodation,eDreams ODIGEO,"Barcelona, Cataluña",80000.0,392
PHP,Staff Engineer - Golang / PHP,Ankorstore,España,,392
PHP,Prácticas en programación PHP,GRUP,España,,392
PHP,Sr PHP Software Engineer,rindus,Málaga,,392
PHP,PHP Engineer with Golang Knowledge,Colibrix One,España,,392
PHP,Programador Senior PHP (H/M),,Cantabria,25000.0,392
PHP,Senior Developer - PHP or GO,Page Personnel ETT,Barcelona,,392
PHP,Desarrollador PHP Senior - 100% REMOTO,,Madrid,36000.0,392
PHP,Desarrollador/a Fullstack PHP/JS,EISI Soft,"Bunyola, Islas Baleares",,392
PHP,Full-stack developer (PHP  TS),Planner5D,España,,392
PHP,Desarrollador/a PHP Nativo - REMOTO,,Madrid,25000.0,392
PHP,Senior backend developer (php/nodejs),Jordan martorell s.l.,"Madrid, Comunidad de Madrid",80000.0,392
PHP,Senior FullStack ( PHP (Laravel)  react,SlashMobility,"Madrid, Comunidad de Madrid",,392
PHP,Programador/a PHP con conocimientos SQL,domestiko.com,"Fuenlabrada, Madrid",,392
PHP,DevOps Engineer con conocimientos en PHP,IT Partner España,España,,392
PHP,Programador/a PHP con conocimientos SQL,domestiko.com,España,,392
PHP,Desarrollador/a Senior Fullstack PHP & React,Casfid,España,,392
PHP,Desarrollador/a web Full Stack PHP,Desarrollos Online,Madrid,25000.0,392
PHP,Marketplace Backend Team Lead – PHP/Symfony,SIGNA Sports United GmbH,"Barcelona, Cataluña",80000.0,392
PHP,Desarrollador/a Fullstack (PHP) - Presencial Bilbao,The White Team,"Bilbao, Vizcaya",,392
PHP,Analista Programador Fullstack (PHP  Laravel  MySQL),Novanext Globaltech,"Alicante/Alacant, Alicante",,392
PHP,Full Stack Software Engineer PHP/React,Launchmetrics,España,,392
PHP,Desarrollador PHP (Laravel) Junior- Híbrido Madrid,SlashMobility,"Madrid, Comunidad de Madrid",,392
PHP,Software Engineer II (PHP/Golang) - Remote,BigCommerce,España,80000.0,392
PHP,Senior PHP Engineer with strong DB experience,Intetics,España,,392
PHP,Analista Funcional Junior con PHP y Moodle,Novanotio,Sevilla,,392
PHP,Senior Backend Engineer (PHP/NodeJS) - Remote & Impactful,Jordan martorell s.l.,"Madrid, Comunidad de Madrid",80000.0,392
PHP,Lead PHP Engineer – E‑commerce & AI (Hybrid),eDreams ODIGEO,"Barcelona, Cataluña",80000.0,392
PHP,Full Stack Software Development Engineer PHP/React,Launchmetrics,España,,392
PHP,Middle PHP/ Laravel ( Versión 11) - 100% remoto,SlashMobility,"Barcelona, Cataluña",,392
PHP,Responsable Técnico ( PHP y Wordpress) hibrido Barcelona,SlashMobility,"Barcelona, Cataluña",,392
PHP,Elite Full-Stack Engineer: PHP/React/Node (EU),NLab,"Barcelona, Cataluña",80000.0,392
PHP,Senior Backend Engineer (PHP/Java/Node) - Remote & Growth,Jordan martorell s.l.,"Barcelona, Cataluña",80000.0,392
PHP,Senior PHP/ Laravel ( V11  Arquitectura Hexagonal) - 100% remoto,SlashMobility,"Barcelona, Cataluña",,392
PHP,"Senior Backend Developer (PHP, Java o Node.js)",Jordan martorell s.l.,"Barcelona, Cataluña",80000.0,392
PHP,Desarrollador PHP Full Stack con experiencia en Vue.js,IT Partner España,España,,392
PHP,Lead PHP Engineer - Scale Ultra-High Volume E-commerce,eDreams ODIGEO,"Barcelona, Cataluña",80000.0,392
PHP,Senior FullStack PHP/React/Node.js Engineer (EU only),NLab,"Barcelona, Cataluña",80000.0,392
PHP,Consultor/a en Modernización de Aplicaciones con IA (PHP),DXC Technology,España,,392
PHP,"Técnico de Sistemas y Desarrollador PHP, MySQL y JavaScript",ONEtoONE Corporate Finance,Madrid,,392
PHP,"Técnico de Sistemas y Desarrollador PHP, MySQL y JavaScript",ONEtoONE Corporate Finance,Madrid,,392
PHP,Desarrollador: ( PHP (Laravel)1 día semana oficina en Madrid,SlashMobility,"Barcelona, Cataluña",80000.0,392
PHP,Soporte IT y Desarrollo Full Stack (PHP / JavaScript) - Madrid centro,ONEtoONE Corporate Finance,Madrid,,392
PHP,Senior Backend Developer (.NET / Go / PHP) | High-Scale Systems | Cloud & Microservices,WebBeds,España,,392
PHP,Programador/a Web con experiencia,,Ávila,,392
PHP,Analista / Jefe de equipo Web,,Ávila,,392
PHP,Development Engineer,Grupo Sermicro,Valencia,,392
PHP,Programador/a Web Junior o Mid - Full Stack - Desarrollo y Soporte ASP/PHP/Laravel/APPs - Vallés,Gestión de Residencias ,"Terrassa, Barcelona",17400.0,392
PHP,Administrador Web Middleware,Atos,"Santander, Cantabria",,392
PHP,Full Stack Developer (AQTS-7889),AdQualis,España,,392
PHP,"Desarrollador Full-Stack, Barcelona",FACTUCAT,España,,392
PHP,Programador WEB,Linx Recursos Humanos,España,,392
PHP,Software Development Engineer,Solera,España,,392
PHP,Desarrollador de aplicaciones web,PLAT-ON DIGITAL,"Alcalá de Henares, Madrid",22500.0,392
PHP,Programador Senior,XIMDEX,"La Rinconada, Sevilla",,392
PHP,Senior Full Stack Laravel Developer,Cross Border Talents,España,40.0,392
PHP,Analista programador/a Python - Sevilla,,España,42500.0,392
PHP,Full-Stack Product Engineer (Remote Europe),BnBerry,España,60.0,392
PHP,"Desarrollador/a Full Stack, Melilla",TipsterPage,Melilla,,392
PHP,Desarrollador/a software,Eurofirms People First,España,,392
PHP,Software Development Sr Engineer,Solera,España,,392
PHP,Back-End Developer (Symfony/Laravel),Tilo Motion,Madrid,,392
PHP,Analista Programador - IA Machine Learning,Seidor Gesein,"Coslada, Madrid",24000.0,392
PHP,Desarrollador/a Frontend. Madrid (Híbrido),eXperience IT Solutions,España,,392
PHP,Desarrollador/a Fullstack,Izertis,España,,392
PHP,Desarrollador Fullstack,Tecdata,"Madrid, Comunidad de Madrid",80000.0,392
PHP,Head of Product: AI-Driven Last-Mile Retail,Merlin Digital Partner,"Barcelona, Cataluña",100000.0,392
PHP,"CTO, FinTech Platform Scale Architect — Remote",Talentin,"Barcelona, Cataluña",117500.0,392
PHP,Senior Frontend Developer,Blue Code Solutions,"Alicante/Alacant, Alicante",,392
PHP,Senior Frontend Developer,Blue Code,"Alicante, Comunidad Valenciana",,392
PHP,Senior Drupal /WordPress tech Lead (spanish speaking highly desired ),Relief Applications,España,,392
PHP,Lead Developer - UpdraftPlus,TeamUpdraft,España,57.5,392
PHP,Dessarrollador WordPress / Prestashop,IMAP Internet Marketing,"Matadepera, Barcelona",,392
PHP,Senior Software Engineer - AI‑Driven Customer Experience (Remote),Php-Jobs,"Barcelona, Cataluña",80000.0,392
PHP,Desarrollador Web Full Stack,ARS TALENTIA,España,,392
PHP,Programador web con funciones de Team Leader,Applinet,España,23000.0,392
TypeScript,Typescript developer,Planner5D,España,,1112
TypeScript,Software Engineer - JavaScript/TypeScript,Rithum,España,,1112
TypeScript,JavaScript/TypeScript Game Developer,elagames,España,,1112
TypeScript,Senior Frontend Engineer (TypeScript),Talent-R,España,,1112
TypeScript,Senior TypeScript Software Engineer,Swan,"Barcelona, Cataluña",80000.0,1112
TypeScript,"Frontend Developer (TypeScript, React)",Flowbox,Barcelona,,1112
TypeScript,Senior Frontend Engineer (TypeScript),Archlet,España,,1112
TypeScript,Senior Fullstack Software Engineer - JavaScript / TypeScript,Rithum,España,,1112
TypeScript,"Senior Frontend Developer (Angular, TypeScript)",Blue Code,"Alicante, Comunidad Valenciana",,1112
TypeScript,"Senior Software Engineer, Backend (TypeScript)",1inch,"Madrid, Comunidad de Madrid",80000.0,1112
TypeScript,Typescript Fullstack Engineer - Messaging Team,Aircall,Madrid,,1112
TypeScript,Senior Full-Stack Engineer (TypeScript),Archlet,"Madrid, Comunidad de Madrid",80000.0,1112
TypeScript,Senior Full-Stack Engineer (TypeScript),Archlet,"Barcelona, Cataluña",80000.0,1112
TypeScript,Senior Front End JavaScript/Angular/TypeScript,PANEL Sistemas Informáticos,España,,1112
TypeScript,"Desarrollador/a Full Stack (Typescript), hibrido",Arelance,España,,1112
TypeScript,Lead Software Engineer (TypeScript/Node.js),Groupon,España,,1112
TypeScript,Desarrollador/a TypeScript / AWS / React. Remoto,eXperience IT Solutions,España,,1112
TypeScript,Senior Backend Engineer (TypeScript) – Remote/Hybrid,1inch,"Madrid, Comunidad de Madrid",80000.0,1112
TypeScript,Staff React Engineer (TypeScript  AI Experience),Wizeline,España,,1112
TypeScript,Senior Backend Engineer [TypeScript] (Prisma ORM),"Prisma Data, Inc.","Madrid, Comunidad de Madrid",117500.0,1112
TypeScript,Senior Full-Stack Developer (NodeJS/Typescript),osapiens,"Madrid, Comunidad de Madrid",80000.0,1112
TypeScript,"Backend Engineer, Node.js/TypeScript | EMEA",Deel,España,,1112
TypeScript,Frontend Developer (React  TypeScript) - España (100% Remoto),Talent Connect,Madrid,,1112
TypeScript,Front End Developer (Angular/TypeScript) — Hybrid & Growth,EY,"Madrid, Comunidad de Madrid",80000.0,1112
TypeScript,"Senior FinTech Tech Consultant - Python/TypeScript, Madrid",Client Server,"Madrid, Comunidad de Madrid",80000.0,1112
TypeScript,"Senior Backend Engineer — Node.js, TypeScript, AWS",Aircall,"Madrid, Comunidad de Madrid",100000.0,1112
TypeScript,Remote Senior React Native Engineer | TypeScript Expert,Wizeline,"Madrid, Comunidad de Madrid",80000.0,1112
TypeScript,Senior Backend Engineer - Node/TypeScript | Hybrid Madrid,Aircall,"Madrid, Comunidad de Madrid",100000.0,1112
TypeScript,Remote Senior Full-Stack Engineer - TypeScript / React,Archlet,"Barcelona, Cataluña",80000.0,1112
TypeScript,Remote Senior Full-Stack Engineer - TypeScript / React,Archlet,"Madrid, Comunidad de Madrid",80000.0,1112
TypeScript,"Cloud & AI Developer (Java, TypeScript & Machine Learning)",HP,España,,1112
TypeScript,"Senior Developer (Typescript, Node.js, Vue.js)",Top Doctors Group,España,,1112
TypeScript,"Cloud & AI Developer (Java, TypeScript & Machine Learning)",HP,España,,1112
TypeScript,"Senior Back-End Developer, Engineering (Typescript / Nest.js)",Echo Base,España,,1112
TypeScript,Senior TypeScript Backend Engineer - Hybrid Remote Banking API,Swan,"Barcelona, Cataluña",80000.0,1112
TypeScript,"Lead, Full-Stack Tech | Node.js/TypeScript - Madrid",osapiens,"Madrid, Comunidad de Madrid",80000.0,1112
TypeScript,Desarrollador backend Typescript. Barcelona. Híbrido (H/M/X),Experis España,Madrid,,1112
TypeScript,Technical Team Lead - Full-Stack (Node.js/Typescript),osapiens,"Madrid, Comunidad de Madrid",80000.0,1112
TypeScript,Senior Frontend Engineer - React/Typescript (F/M/D),Axpo Group,Madrid,,1112
TypeScript,Typescript and/or Python Platform Engineer - AI & Automation,TD SYNNEX,Barcelona,,1112
TypeScript,"Technical Lead Node.js | AWS, TypeScript | Hybrid Barcelona",TUYÚ Technology,"Barcelona, Cataluña",80000.0,1112
TypeScript,Tech Team Lead - Full-Stack (TypeScript/React/Node.js),osapiens,"Madrid, Comunidad de Madrid",80000.0,1112
TypeScript,"Desarrollador/a Web 3D (Babylon.js, JavaScript/TypeScript) – Remoto",The White Team,"Bilbao, Vizcaya",,1112
TypeScript,Senior Backend Developer - Node.js / TypeScript (m/f/x),osapiens,"Madrid, Comunidad de Madrid",80000.0,1112
TypeScript,Senior Javascript Developer,Plexus Tech,"Madrid, Comunidad de Madrid",80000.0,1112
TypeScript,Senior Engineer,Avomind,España,,1112
TypeScript,Senior Backend Node  AWS con Inglés,CMV Consultores,Barcelona,34500.0,1112
TypeScript,Frontend Developer,Aubay,Barcelona,,1112
TypeScript,Senior React Native,Page Personnel,Barcelona,,1112
TypeScript,Fullstack Node/Vuejs,Grupo NS,España,,1112
TypeScript,Full Stack Software Engineer,Chapter One,Málaga,,1112
TypeScript,"Desarrollador Front End (Angular), hibrido",EY,"Madrid, Comunidad de Madrid",80000.0,1112
TypeScript,Líder Técnico NodeJS,Serem,Barcelona,,1112
TypeScript,"Desarrollador/a Full-Stack JavaScript (Vue 3 / Node.js) – Junior, Intermedio y Senior - Remoto",Expleo,Barcelona,,1112
TypeScript,Senior Full Stack Engineer,Digital Talent Agency,España,,1112
TypeScript,Senior Front-end developer,ORBIK,España,,1112
TypeScript,Frontend Developer,Juno Projects,Barcelona,,1112
TypeScript,"Desarrollador/a Frontend Angular, hibrido",Inkoova,España,,1112
TypeScript,Full Stack Software Engineer,KIME,"Mos, Pontevedra",,1112
TypeScript,Full Stack Software Engineer,KIME,"Arbo, Pontevedra",,1112
TypeScript,Full Stack Software Engineer,KIME,"Vitoria-Gasteiz, Álava",,1112
TypeScript,Full Stack Software Engineer,KIME,Valencia,,1112
TypeScript,Full Stack Software Engineer,KIME,A Coruña,,1112
TypeScript,Full Stack Software Engineer,KIME,"Álava, País Vasco",,1112
TypeScript,Full Stack Software Engineer,KIME,Barcelona,,1112
TypeScript,Full Stack Software Engineer,KIME,Lleida,,1112
TypeScript,Full Stack Software Engineer,KIME,Valladolid,,1112
TypeScript,Full Stack Software Engineer,KIME,Madrid,,1112
TypeScript,Full Stack Software Engineer,KIME,España,,1112
TypeScript,Full Stack Software Engineer,KIME,Zaragoza,,1112
TypeScript,Full Stack Software Engineer,KIME,Badajoz,,1112
TypeScript,"Desarrollador/a Angular Senior, hibrido",Green Grow Apps,España,,1112
TypeScript,Desarrollador/a Angular Senior,Green Grow Apps,Valencia,,1112
TypeScript,Analista Programador/a Angular,sg tech,Madrid,,1112
TypeScript,Medior Full-Stack Web Developer,IQVIA,Barcelona,,1112
TypeScript,"Backend Developer, Valencia",IP Fabric,España,,1112
TypeScript,Senior Full Stack .Net / Angular (ESP/POR),Parser Limited,España,,1112
TypeScript,Senior React Native | Technology Studio | Barcelona,,Barcelona,45500.0,1112
TypeScript,Fullstack Developer,"Excelia, SL","Boadilla del Monte, Madrid",,1112
TypeScript,Senior Cloud Full-Stack Developer,Tecdata,"Madrid, Comunidad de Madrid",80000.0,1112
TypeScript,Desarrollador Fullstack Java/Angular,Arelance,Madrid,28500.0,1112
TypeScript,"Senior Developer Full Stack, Málaga",Jordan martorell s.l.,"Málaga, Andalucía",80000.0,1112
TypeScript,Front End Developer,Stefanini Latam,España,,1112
TypeScript,Desarrollador/a .NET,,España,,1112
TypeScript,COORDINADOR/A DE IT,Gamma Management,Madrid,,1112
TypeScript,Senior Backend Engineer (nodejs  python),Behum,Barcelona,,1112
TypeScript,Desarrollador .Net - Javascript EN REMOTO,,España,40000.0,1112
TypeScript,Frontend Software Developer,CT Ingenieros,España,,1112
TypeScript,Senior Business Analyst (Global BaaS & API Platforms – AI-Native),Sgtech,"Madrid, Comunidad de Madrid",80000.0,1112
TypeScript,Desarrollador Front End (Angular),EY,"Madrid, Comunidad de Madrid",80000.0,1112
TypeScript,"Senior Full Stack Engineer | Python, AWS & React | Remoto",Zemsania,"Madrid, Comunidad de Madrid",80000.0,1112
TypeScript,Senior DevOps Engineer,ITRex Group,España,,1112
TypeScript,Software Engineer Stack Backend NodeJS,,España,,1112
TypeScript,Full Stack developer React y NodeJS,Inetum North,"Bilbao, Vizcaya",,1112
TypeScript,Senior React Engineer for Investing & Trading Platform,Bitpanda,"Barcelona, Cataluña",80000.0,1112
TypeScript,Frontend Developer: Gis Solutions (React/Ts) Hybrid,Juno Projects,Barcelona,,1112
TypeScript,Senior Node.js Backend Engineer - Remote,Cimpress / Vista,"Barcelona, Cataluña",80000.0,1112
TypeScript,"Senior React Engineer - Hybrid, Scale-Up Impact & Growth",Annapurna,"Madrid, Comunidad de Madrid",80000.0,1112
TypeScript,Frontend Developer (Angular),"CLAVE INFORMÁTICA, S.L.U.","Elche/Elx, Alicante",,1112
TypeScript,Frontend Developer (Angular),Clavei S.L.U,España,,1112
Kotlin,Android Developer (Kotlin),Cofrai,Madrid,,296
Kotlin,Senior Kotlin Developer,,España,,296
Kotlin,Senior Android Developer - Kotlin,Cross Border Talents,España,39.0,296
Kotlin,Senior Kotlin Multiplatform Engineer,N-iX,España,,296
Kotlin,Lead/Senior Kotlin Engineer,N-iX,España,,296
Kotlin,Android Developer (Kotlin/Java),LHH,Valencia,,296
Kotlin,Desarrollador Mobile Senior (Kotlin Multiplatform),Star1Rocket,Madrid,,296
Kotlin,Backend Developer (Go/Kotlin) ID48361,AgileEngine,Valencia,,296
Kotlin,Backend Developer (Go/Kotlin) ID48361,AgileEngine,Barcelona,,296
Kotlin,Backend Developer (Go/Kotlin) ID48361,AgileEngine,Madrid,,296
Kotlin,Senior Backend Engineer (Kotlin/Java),Jobgether,España,,296
Kotlin,Android Senior Developer (Java / Kotlin),ITERATION MOBILE S.L,"Getafe, Madrid",,296
Kotlin,Beca Talentum - Desarrollador Backend Kotlin,Telefónica,España,,296
Kotlin,"Android Engineer, Kotlin (Earn Experience)",Bitpanda,España,,296
Kotlin,Freelance Software Developer (Kotlin) - AI Trainer,Mindrift,España,,296
Kotlin,Software Engineer – Business Central & Java/Kotlin,lastminute.com,Madrid,,296
Kotlin,Senior Fullstack Engineer (Java/kotlin  React),Parser Limited,Madrid,,296
Kotlin,Backend Tech Lead (Go/Kotlin) ID48362,AgileEngine,Valencia,,296
Kotlin,Backend Tech Lead (Go/Kotlin) ID48362,AgileEngine,Madrid,,296
Kotlin,Backend Tech Lead (Go/Kotlin) ID48362,AgileEngine,Barcelona,,296
Kotlin,Android Developer (Kotlin Multiplatform  React Native),INNOCV Solutions S.L.U.,Madrid,,296
Kotlin,Senior Fullstack Engineer (Java / Kotlin  React),Parser,"Madrid, Comunidad de Madrid",80000.0,296
Kotlin,"Senior Back-End Developer, Engineering (Java / Kotlin)",Echo Base,España,,296
Kotlin,(1) Senior Fullstack Engineer (Java/Kotlin  React),Talent-R,España,,296
Kotlin,HQ - Senior Backend Engineer (Kotlin) - EMEA Remote,Job&Talent,España,,296
Kotlin,Freelance Software Developer (Kotlin) - Quality Assurance (AI Trainer),Mindrift,España,,296
Kotlin,Senior Full-Stack Engineer: Java/Kotlin  React Fintech,2204084,Madrid,,296
Kotlin,Senior Full-Stack Engineer: Java/Kotlin  React Fintech,Parser,"Madrid, Comunidad de Madrid",80000.0,296
Kotlin,Analista Desarrollador / Arquitecto Kotlin – 100% TELETRABAJO M/F,Akka Technologies,España,,296
Kotlin,Senior Android Developer,Workana,España,3250.0,296
Kotlin,"Senior Developer Java Spring Boot, hibrido",PANEL Sistemas Informáticos,España,,296
Kotlin,Android Developer,Smadex SLU,Barcelona,,296
Kotlin,Software Engineer Senior,Tecdata,"Madrid, Comunidad de Madrid",100000.0,296
Kotlin,Senior Mobile Engineer (Android),Parser Limited,España,,296
Kotlin,Android Engineer,FeverUp,España,,296
Kotlin,Software Engineer – Backend Development,Allot,"Torrelodones, Madrid",,296
Kotlin,Desarrollador de Android,Empresa Confidencial,España,,296
Kotlin,Senior Android Engineer – Scale a Crypto Trading App,jobr.pro,"Barcelona, Cataluña",80000.0,296
Kotlin,Telematics Software Engineer (Rust),Cooltra,Barcelona,,296
Kotlin,Staff Software Engineer - Replication & Cloud DR,Cloudera,"Cataluña, España",80000.0,296
Kotlin,Senior Software Engineer - SFDR Team (Remote/Hybrid Spain),Clarity AI,"Sevilla, Andalucía",80000.0,296
Kotlin,"Senior Full-Stack Engineer, Remote — Demo Experience Platform",Pleo,"Madrid, Comunidad de Madrid",80000.0,296
Kotlin,Android Developer - Remote/Hybrid  Relocation Support,Revolut Ltd,"Madrid, Comunidad de Madrid",100000.0,296
Kotlin,Lead Software Engineer – Cloud-Native Platform Architect,Swiss Re,"Madrid, Comunidad de Madrid",80000.0,296
Kotlin,Replication Platform Engineer - Scale & DR (Hybrid),Cloudera,"Madrid, Comunidad de Madrid",100000.0,296
Kotlin,Android Engineer for Trading App - Hybrid/Remote,Bitpanda GmbH,"Barcelona, Cataluña",80000.0,296
Kotlin,Senior Native Lead Engineer - Customer Experience,eDreams ODIGEO,"Barcelona, Cataluña",80000.0,296
Kotlin,(2) Senior Backend Engineer | Hybrid | B2B Travel Platform,Talent-R,España,,296
Kotlin,Especialista en desarrollo Mobile,"NTT America, Inc.",España,,296
Kotlin,Especialista en desarrollo Mobile,"NTT America, Inc.",Salamanca,,296
Kotlin,Especialista en desarrollo Mobile,"NTT America, Inc.","Valsequillo de Gran Canaria, Las Palmas",,296
Kotlin,Especialista en desarrollo Mobile,"NTT America, Inc.",Cáceres,,296
Kotlin,Especialista en desarrollo Mobile,"NTT America, Inc.","Castellón, Comunidad Valenciana",,296
Kotlin,Especialista en desarrollo Mobile,"NTT America, Inc.",Málaga,,296
Kotlin,Especialista en desarrollo Mobile,"NTT America, Inc.",León,,296
Kotlin,Especialista en desarrollo Mobile,"NTT America, Inc.","Alicante, Comunidad Valenciana",,296
Kotlin,Especialista en desarrollo Mobile,"NTT America, Inc.",Huesca,,296
Kotlin,Especialista en desarrollo Mobile,"NTT America, Inc.",Murcia,,296
Kotlin,Especialista en desarrollo Mobile,"NTT America, Inc.",Badajoz,,296
Kotlin,Especialista en desarrollo Mobile,"NTT America, Inc.",Santa Cruz de Tenerife,,296
Kotlin,Especialista en desarrollo Mobile,"NTT America, Inc.",Ciudad Real,,296
Kotlin,Especialista en desarrollo Mobile,"NTT America, Inc.",Granada,,296
Kotlin,Staff Software Engineer (Replication Manager),Cloudera,"Cataluña, España",80000.0,296
Kotlin,Android developer,Planner5D,España,,296
Kotlin,Software Engineer - Risk,Santander,España,,296
Kotlin,"Software Engineer - Risk, Payments & Accounting(Backend)",Banco Santander,"Boadilla del Monte, Madrid",,296
Kotlin,Android Engineer – Muscle Booster,Welltech,España,,296
Kotlin,Lead Technical Writer,MIRA CONSTRUCTION L.L.C,España,,296
Kotlin,Mobile Developer,Henneo,"Madrid, Comunidad de Madrid",,296
Kotlin,Analista Aplicaciones móviles – 100% Teletrabajo,Azertuim IT,España,,296
Kotlin,Mobile Engineer,Teya,Madrid,,296
Kotlin,Ingeniero de desarrollo de software,domestiko.com,"Pozuelo de Alarcón, Madrid",,296
Kotlin,Sr Android Developer,Solera,España,,296
Kotlin,Middle Python Engineer,N-iX,España,,296
Kotlin,Software Engineer (Android) ID48356,AgileEngine,Madrid,,296
Kotlin,Software Engineer (Android) ID48356,AgileEngine,Valencia,,296
Kotlin,Software Engineer (Android) ID48356,AgileEngine,Barcelona,,296
Kotlin,Senior QA Engineer,LeoVegas Group,España,,296
Kotlin,Mobile Software Engineer ID47192,AgileEngine,Barcelona,,296
Kotlin,Mobile Software Engineer ID47192,AgileEngine,Madrid,,296
Kotlin,Mobile Software Engineer ID47192,AgileEngine,Valencia,,296
Kotlin,Fullstack Developer,Veepee,Barcelona,,296
Kotlin,Mobile Architect,El Corte Ingles,España,,296
Kotlin,HQ - Senior Android Engineer (EMEA Remote),Job&Talent,España,,296
Kotlin,Staff Android Engineer (all genders),Urban Sports Club,España,,296
Kotlin,Desarrollador/a Fullstack con foco en Frontend,Veepee,España,,296
Kotlin,Desarrollador/a Fullstack con foco en Frontend,Veepee,Barcelona,,296
Kotlin,Software Engineer III- Back End- Madrid- Mid Level,JPMorganChase,España,,296
Kotlin,Product Engineer (Android),Wave Mobile Money,España,80000.0,296
Kotlin,Java Developer con Inglés - REMOTO,,Madrid,30000.0,296
Kotlin,Desarrollador/a de Software ERP (SAGE X3),Inycom,A Coruña,,296
Kotlin,Beca Talentum - Backend Software Engineer,Telefónica,España,,296
Kotlin,Android Engineer (Platform),Welltech,Madrid,,296
Kotlin,Senior Mobile Engineer (React Native),Parser Limited,España,,296
Kotlin,Mobile Developer Engineer,Giesecke+Devrient,Barcelona,,296
Kotlin,Backend Engineer,LeoVegas Group,España,,296
Kotlin,Senior Android Developer,Appodeal,España,,296
Kotlin,Staff Software Engineer (Replication Manager),Cloudera,"Barcelona, Cataluña",100000.0,296
Kotlin,Staff Software Engineer (Replication Manager),Cloudera,"Madrid, Comunidad de Madrid",100000.0,296
Kotlin,Senior Android Developer,Riverbed Technology,"Barcelona, Cataluña",80000.0,296
Rust,Rust Engineer - Inbox,Proton,Barcelona,,172
Rust,Technical Lead (Rust),Keyrock,"Barcelona, Cataluña",80000.0,172
Rust,Engineering Lead (Rust),Keyrock,Barcelona,,172
Rust,Staff Engineer Rust: DeFi,Keyrock,Barcelona,,172
Rust,Telematics Software Engineer (Rust),Cooltra,Barcelona,,172
Rust,Senior Rust/C++ Engineer (Backend),MLabs,España,,172
Rust,Rust Developer-AI Training – Remote,YO IT CONSULTING,España,,172
Rust,Rust Developer-AI Training - Remote,YO IT CONSULTING,Madrid,,172
Rust,"Software Engineer, Technical Referent - RUST",dLocal,España,,172
Rust,Rust Backend Engineer - AI Platform,Openchip And Software Technologies SL,"Esplugues de Llobregat, Barcelona",,172
Rust,Rust Engineer - Data Interoperability (Remote EU),RetinAI Medical,España,,172
Rust,Senior Rust Engineer - Core Trading Infrastructure,Understanding Recruitment,España,80000.0,172
Rust,Head of Cross-Platform Rust Engineering,"PhotoRoom, Inc","Barcelona, Cataluña",100000.0,172
Rust,Back-end developer (Rust  Node.js),BeInCrypto,España,,172
Rust,Desarrollador/a de Software C++/Rust,,España,,172
Rust,Senior Rust Engineer – Core Trading Infrastructure (Europe),Understanding Recruitment,"Carballedo, Lugo",80000.0,172
Rust,Senior Rust Engineer: Low-Latency Trading Infra,Understanding Recruitment,"Madrid, Comunidad de Madrid",100000.0,172
Rust,Senior Flight Software Engineer (Rust/C/C++),jobr.pro,"Barcelona, Cataluña",80000.0,172
Rust,Head of Cross-Platform Rust Engine — Remote-friendly,Photoroom,"Barcelona, Cataluña",100000.0,172
Rust,Remote Rust Tech Lead for High-Performance FinTech,Keyrock,"Barcelona, Cataluña",80000.0,172
Rust,Senior Software Engineer,Understanding Recruitment,"Carballedo, Lugo",80000.0,172
Rust,Senior Software Engineer,Understanding Recruitment,España,80000.0,172
Rust,Senior Software Engineer,Understanding Recruitment,"Madrid, Comunidad de Madrid",100000.0,172
Rust,Software Engineer – Backend Development,Allot,"Torrelodones, Madrid",,172
Rust,"Senior Full-Stack Web Engineer - Remote, FinTech/Crypto",Keyrock,"Barcelona, Cataluña",80000.0,172
Rust,Head of Cross-Platform,Photoroom,"Barcelona, Cataluña",100000.0,172
Rust,Senior Validator Engineer,MLabs,España,,172
Rust,Senior Quantum Control Software Engineer - Equity & Impact,Q-CTRL,"Vega del Codorno, Cuenca",80000.0,172
Rust,Senior Backend Engineer – Distributed Systems (Hybrid),Jordan martorell s.l.,"Madrid, Comunidad de Madrid",100000.0,172
Rust,"Senior Software Engineer - Hybrid, Fixed-term Contract 2026",DeepRec.ai,"Sallent, Barcelona",80000.0,172
Rust,Head of Cross-Platform,"PhotoRoom, Inc","Barcelona, Cataluña",100000.0,172
Rust,"Software Engineer, Agentic Infrastructure (Mid-Level)",Mirantis,Barcelona,,172
Rust,Lead Technical Writer,MIRA CONSTRUCTION L.L.C,España,,172
Rust,Senior Agentic Infrastructure Engineer,Mirantis,Madrid,,172
Rust,Software Engineer (Fixed- term contract),Page Personnel ETT,Barcelona,,172
Rust,QA Test Engineer (Remote EU),RetinAI Medical,España,,172
Rust,C++ Engineer Strategic Market Making — Exchange Connectivity (Trading),Keyrock,Barcelona,,172
Rust,Senior Flight Software Engineer,jobr.pro,"Barcelona, Cataluña",80000.0,172
Rust,Staff Software Engineer,Workato,España,,172
Rust,Senior Full Stack Web Engineer,Keyrock,"Barcelona, Cataluña",80000.0,172
Rust,Senior Full Stack Web Engineer - Crypto,Keyrock,"Barcelona, Cataluña",80000.0,172
Rust,Senior Full Stack Web Engineer - Trading,Keyrock,"Barcelona, Cataluña",80000.0,172
Rust,Senior Full Stack Web Engineer - Crypto,Keyrock,"Madrid, Comunidad de Madrid",80000.0,172
Rust,Production worker,Lamigraf,"l'Ametlla del Vallès, Barcelona",,172
Rust,Part-Time Senior Systems Engineer,Xenon7,España,,172
Rust,Platform Engineering Team Lead - Remote,Zyte,España,,172
Rust,Core & ML Ops Team Lead - Remote,Zyte,España,,172
Rust,Senior/Staff/Principal Engineer,Canonical,"Barcelona, Cataluña",80000.0,172
Rust,Senior Software Engineer – Go & Kubernetes,Lawrence Harvey,"Barcelona, Cataluña",80000.0,172
Rust,Software Engineer (BCN) (Fixed-term contract),,Barcelona,57500.0,172
Rust,(Senior) Devops Engineer Â Blockchain Environment Â Full Remote,GoPro Consultancy,Madrid,,172
Rust,"Senior Site Reliability Engineer, Platforms Team",Trabajos en NETQUEST,Barcelona,,172
Rust,Senior/Staff/Principal Engineer,Canonical,"Madrid, Comunidad de Madrid",80000.0,172
Rust,Senior Software Developer (Remote),Alex Staff Agency,España,,172
Rust,Senior Software Engineer - Firefox Enterprise,Mozilla,Madrid,,172
Rust,AI Web3 Backend Engineer – AI Agent Economy,DcentraLab,Barcelona,,172
Rust,Senior Front-End Software Engineer (Remote),Bask Health,España,110.0,172
Rust,Senior Software Engineer,CounterCraft,"Donostia/San Sebastián, Guipúzcoa",80000.0,172
Rust,"Team Lead, Embedded Development",Geotab,"Madrid, Comunidad de Madrid",80000.0,172
Rust,Senior Security Analyst,c/side,España,,172
Rust,Security Researcher,c/side,España,,172
Rust,"Senior Software Engineer, Madrid",Jordan martorell s.l.,"Madrid, Comunidad de Madrid",100000.0,172
Rust,"Senior Software Engineer - Backend & Scalability, Madrid",Jordan martorell s.l.,"Madrid, Comunidad de Madrid",80000.0,172
Rust,Senior Software Engineer - Firefox Enterprise,Mozilla,Madrid,,172
Rust,Senior Software Engineer,DeepRec.ai,"Barcelona, Cataluña",80000.0,172
Rust,"Senior Software Engineer, EMR",JR Spain,"Barcelona, Cataluña",80000.0,172
Rust,(Senior) Site Reliability Engineer - Plattform Engineering - STACKIT (m/f/d),Schwarz Dienstleistung KG,"Barcelona, Cataluña",80000.0,172
Rust,Senior Software Engineer,DeepRec.ai,"Zaragoza, Aragón",80000.0,172
Rust,Senior Software Engineer,DeepRec.ai,"Sallent, Barcelona",80000.0,172
Rust,Senior Android Engineer (Pass),Proton,España,,172
Rust,Senior Ios Engineer,Proton Ag,Barcelona,,172
Rust,Senior Ios Engineer (Vpn),Proton,Barcelona,,172
Rust,51646 - Ingeniero/a de Software Multimedia,main,España,,172
Rust,Software Systems Engineer - Remote,,España,52500.0,172
Rust,Senior Software Engineer (Blockchain),1inch Labs,España,137500.0,172
Rust,Developer Relations Engineer - Midnight Foundation,IO Global,España,,172
Rust,Software Engineer (Go/Golang),Abbott,Barcelona,,172
Rust,"Senior Security Engineer (Cloud & Platform Security) - Argentina, Brazil, Spain & Uruguay",dLocal,"Barcelona, Cataluña",137500.0,172
Rust,Graduate software engineer,Meetup,"Madrid, Comunidad de Madrid",80000.0,172
Rust,Senior Software Engineer - Firefox Enterprise,Mozilla,España,80000.0,172
Rust,Senior Software Developer,Ormazabal,"Morga, Vizcaya",,172
Rust,Blockchain Application Support Engineer,Crypto.com,España,,172
Rust,iGaming Dutch Customer Service Barcelona,Job Squad,Barcelona,,172
Rust,Senior Software Engineer - Firefox Enterprise,Mozilla,"La Guancha, Santa Cruz de Tenerife",80000.0,172
Rust,Senior Fullstack Engineer - AI,Hiya Inc.,"Barcelona, Cataluña",80000.0,172
Rust,Senior Software Engineer - Firefox Enterprise,Mozilla,Santa Cruz de Tenerife,,172
Rust,Software Engineer: Query Team (Remote),Constructor,España,,172
Rust,Principal Software Engineer - EU,MLabs,España,,172
Rust,Technical Lead Ciberseguridad (h/m),,"Vigo, Pontevedra",37000.0,172
Rust,Senior Backend Specialist (100% Global Remote),Tether,España,,172
Rust,Data Engineer - REMOTE,Jobgether,España,,172
Rust,Cloud Security Engineer,Prima,Madrid,,172
Rust,Blockchain Security Researcher,OpenZeppelin,España,,172
Rust,Cloud Security Engineer,Prima,"Madrid, Comunidad de Madrid",80000.0,172
Rust,Senior/Staff/Principal Engineer,Canonical,"Málaga, Andalucía",80000.0,172
Rust,Senior Android Engineer (Pass),Proton,Barcelona,,172
Rust,Software Engineer : Core Team (Remote),Constructor,España,,172
Rust,Senior Software Engineer (Systems Engineering),LocalStack,España,,172
Rust,"Senior Software Engineer, EMR",Abbott,Barcelona,,172
Rust,Software Engineer,Boehringer Ingelheim,España,,172
R,R&D Project Leader,ALTEN Spain,España,,2485
R,R&D Business Development,AIMEN Centro Tecnológico,"O Porriño, Pontevedra",,2485
R,R&D chef - Sushi Expertise,COREcruitment Ltd,España,,2485
R,R&D Engineer,Bosch-HomeComfort,"Vacarisses, Barcelona",,2485
R,R&D - Development Manager,"Grifols Shared Services North America, Inc","Derio, Vizcaya",,2485
R,R&D Support Technician,Allegion,Valencia,,2485
R,R&D Formulation Scientist,PCI Pharma Services,León,,2485
R,Genomics Project Lead – R&D Biotech,Montse Codina Coach,España,,2485
R,EXPENDED@R GASOLINERA,gestiones ardoncino s.l,Segovia,,2485
R,Monit@r Fitness,Butterfly Times S.L,"San Miguel de Abona, Santa Cruz de Tenerife",14400.0,2485
R,R&D Engineer,SYSTRA,Madrid,,2485
R,Montad@r Electromecanic@,AGUIRREGOMEZCORTA Y MENDICUTE S.A,España,,2485
R,LIMPIAD@R XAVEA,Limpiezas La Parisien s.l,"Alicante, Comunidad Valenciana",,2485
R,Analista Programador/a R,PROCESIA,Madrid,,2485
R,Accounting Analyst (A/R),Exoticca,España,,2485
R,Team Leader de Desarrollo Analítico - R&D,Chemo,España,,2485
R,R&D Process Development Scientist,PCI Pharma Services,León,,2485
R,Pint@R Oficial Segunda,gmail,Cáceres,,2485
R,Pint@R Oficial Segunda,Aytonavalmoral,Cáceres,,2485
R,Analista Programador/a R,Procesia Proyectos y Servicios,España,,2485
R,R&D Data Scientist,Nommon,"Madrid, Comunidad de Madrid",80000.0,2485
R,R&D Program Leader,Ferrer,España,,2485
R,R&D Business Developer,Institut de Recerca en Energia de Catalunya - IREC,Barcelona,,2485
R,R&D Data Scientist,"Nommon Solutions and Technologies, S.L.","Madrid, Comunidad de Madrid",80000.0,2485
R,Head of R&D,PowerCo,"Sagunto/Sagunt, Valencia",80000.0,2485
R,R&D Senior Supervisor,Dopp Consultores,Sevilla,,2485
R,R&D Support Technician,Allegion,España,,2485
R,Head of R&D,,España,,2485
R,R&D&i Engineer,Saica,España,,2485
R,R&D Mechanical Leader,IdeQua,"Barcelona, Cataluña",80000.0,2485
R,Software R&D Engineer,Vanderlande Industries,Barcelona,,2485
R,R&D PROCESS ENGINEER,Ayanet,"Utebo, Zaragoza",,2485
R,Actuator R&D Engineer,,España,,2485
R,A&R Outbound Sales Executive,Liberty Music PR,España,,2485
R,R&D Business Tools Operations Specialist,Roche,España,,2485
R,R&D Global Regulatory Strategy Director,"Grifols Shared Services North America, Inc","Sant Cugat del Vallès, Barcelona",,2485
R,R&D Microbiological Development Scientist II,PCI Pharma Services,León,,2485
R,R&D chef - Sushi Expertise,Corecruitment,España,,2485
R,Senior R&D Business Developer,Institut de Recerca en Energia de Catalunya - IREC,Barcelona,,2485
R,R&D Chef - Sushi Expertise,COREcruitment Ltd,Madrid,,2485
R,R&D Chef - Sushi Expertise,COREcruitment Ltd,Madrid,,2485
R,R&D Chef - Sushi Expertise,COREcruitment Ltd,Huelva,,2485
R,R&D Chef - Sushi Expertise,COREcruitment Ltd,Valencia,,2485
R,R&D Chef - Sushi Expertise,COREcruitment Ltd,Zaragoza,,2485
R,R&D Chef - Sushi Expertise,COREcruitment Ltd,España,,2485
R,R&D Chef - Sushi Expertise,COREcruitment Ltd,"Vitoria-Gasteiz, Álava",,2485
R,R&D Chef - Sushi Expertise,COREcruitment Ltd,Málaga,,2485
R,R&D Chef - Sushi Expertise,COREcruitment Ltd,Salamanca,,2485
R,R&D Chef - Sushi Expertise,COREcruitment Ltd,Ávila,,2485
R,R&D Chef - Sushi Expertise,COREcruitment Ltd,"Álava, País Vasco",,2485
R,R&D Chef - Sushi Expertise,COREcruitment Ltd,"Oña, Burgos",,2485
R,R&D Chef - Sushi Expertise,COREcruitment Ltd,Granada,,2485
R,R&D Chef - Sushi Expertise,COREcruitment Ltd,Pontevedra,,2485
R,R&D Chef - Sushi Expertise,COREcruitment Ltd,Córdoba,,2485
R,R&D Chef - Sushi Expertise,COREcruitment Ltd,Madrid,,2485
R,R&D Chef - Sushi Expertise,COREcruitment Ltd,A Coruña,,2485
R,R&D Chef - Sushi Expertise,COREcruitment Ltd,Lugo,,2485
R,R&D Chef - Sushi Expertise,COREcruitment Ltd,"Mos, Pontevedra",,2485
R,R&D Chef - Sushi Expertise,COREcruitment Ltd,"Arbo, Pontevedra",,2485
R,R&D Chef - Sushi Expertise,COREcruitment Ltd,Madrid,,2485
R,R&D Chef - Sushi Expertise,COREcruitment Ltd,"Vitoria-Gasteiz, Álava",,2485
R,R&D Chef - Sushi Expertise,COREcruitment Ltd,"Mos, Pontevedra",,2485
R,R&D Chef - Sushi Expertise,COREcruitment Ltd,Zaragoza,,2485
R,R&D Chef - Sushi Expertise,COREcruitment Ltd,Valencia,,2485
R,R&D Chef - Sushi Expertise,COREcruitment Ltd,"Una, Cuenca",,2485
R,R&D Chef - Sushi Expertise,COREcruitment Ltd,Valladolid,,2485
R,R&D Chef - Sushi Expertise,COREcruitment Ltd,Badajoz,,2485
R,R&D Chef - Sushi Expertise,COREcruitment Ltd,"Álava, País Vasco",,2485
R,R&D Chef - Sushi Expertise,COREcruitment Ltd,España,,2485
R,R&D Chef - Sushi Expertise,COREcruitment Ltd,"Arbo, Pontevedra",,2485
R,R&D Chef - Sushi Expertise,COREcruitment Ltd,Barcelona,,2485
R,R&D Chef - Sushi Expertise,COREcruitment Ltd,A Coruña,,2485
R,R&D Chef - Sushi Expertise,COREcruitment Ltd,Lleida,,2485
R,R&D Chef - Sushi Expertise,COREcruitment Ltd,Granada,,2485
R,R&D Chef - Sushi Expertise,COREcruitment Ltd,Málaga,,2485
R,R&D Chef - Sushi Expertise,COREcruitment Ltd,Ceuta,,2485
R,R&D Chef - Sushi Expertise,COREcruitment Ltd,Valladolid,,2485
R,R&D Chef - Sushi Expertise,COREcruitment Ltd,"Chantada, Lugo",,2485
R,"R&D Manager, Group Testing",Hempel,España,,2485
R,R&D Lead Software Engineer,Auren Personas,Barcelona,,2485
R,R&D Lead Software Engineer,Auren Personas - Selección & Executive Search,"Madrid, Comunidad de Madrid",80000.0,2485
R,Comercial Telefonico - Teleoperad@r (ALICANTE),Yes Now,España,11970.0,2485
R,Experienced R&T Portfolio Specialist,BOEING,Madrid,,2485
R,Business R&D Senior Professional,Hitachi Energy,Zaragoza,,2485
R,R&D Product LCS coordinator,GE Vernova,"Zamudio, Vizcaya",,2485
R,Scientist Plasma R&D - Bioanalytics,Grifols,"Parets del Vallès, Barcelona",,2485
R,Business R&D Senior Professional,Hitachi Energy,Zaragoza,,2485
R,R&I Packaging Waters Intern,DANONE,Barcelona,,2485
R,Senior Python Developer (R&D),Assaia,España,,2485
R,"Engineer, R&D Software Engineering",Bright Horizons,"Getafe, Madrid",,2485
R,Senior R&D Supply Chain Specialist,ICEYE,España,,2485
R,Conductores de camión T.I.R.,domestiko.com,"Favara, Valencia",,2485
R,Conductores de camión T.I.R.,domestiko.com,"Favara, Valencia",,2485
R,Conductores de camión T.I.R.,domestiko.com,"Redondela, Pontevedra",,2485
R,Conductores de camión T.I.R.,domestiko.com,"O Grove, Pontevedra",,2485
R,Conductores de camión T.I.R.,domestiko.com,"Cangas, Pontevedra",,2485
R,Conductores de camión T.I.R.,domestiko.com,"Figueroles, Castellón",,2485
R,Conductor de camión T.I.R.,domestiko.com,"Ríos, Ourense",,2485
R,Conductor de camión T.I.R.,domestiko.com,"Monterroso, Lugo",,2485
R,Conductores de camión T.I.R.,domestiko.com,España,,2485
Ruby,Ruby Developer,Solera,España,,249
Ruby,Ruby developer,NoviCap,España,,249
Ruby,Sr Ruby Developer,Solera,España,,249
Ruby,Software Engineer - Ruby,Mews,España,,249
Ruby,Senior Ruby on Rails Developer,Titan OS,España,,249
Ruby,Empleo de Ruby on Rails,STANDBY.es,España,,249
Ruby,Senior Ruby on Rails Developer,Netenders Holding,Barcelona,,249
Ruby,Desarrollador (React / Ruby on Rails). Teletrabajo,,España,,249
Ruby,Senior Backend Engineer (Ruby on Rails),Appodeal,España,,249
Ruby,"Desarrollador/a Ruby on Rails & React, hibrido",CAS TRAINING,España,,249
Ruby,Ruby Back End Developer (m/f/d),realizon,Valencia,,249
Ruby,Senior Ruby on Rails Engineer — Build Scalable APIs,Jordan martorell s.l.,"Barcelona, Cataluña",80000.0,249
Ruby,Senior Ruby-on-Rails Engineer (Full Remote - Spain),EverAI,España,,249
Ruby,Se busca canguro para cuidado de niños en Pollensa,Sitly,"Pollença, Islas Baleares",18720.0,249
Ruby,Senior RoR Developer (Camaloon),Camaloon,España,,249
Ruby,"Senior Software Engineer, RoR",Workato,Barcelona,,249
Ruby,"Senior Software Engineer, RoR, Barcelona",Jordan martorell s.l.,"Barcelona, Cataluña",80000.0,249
Ruby,Head of Affiliate Marketing,Ruby Labs,España,80000.0,249
Ruby,Staff Software Engineer,Workato,España,,249
Ruby,Remote Platform Engineering Lead,Devop.One,"Madrid, Comunidad de Madrid",80000.0,249
Ruby,"Senior Software Engineer, RoR Barcelona, Spain",Workato Inc,"Barcelona, Cataluña",80000.0,249
Ruby,Senior Full-Stack Engineer – Remote,User Testing Company,"Barcelona, Cataluña",80000.0,249
Ruby,"Senior Software Engineer, RoR",Workato,España,,249
Ruby,"Senior Software Engineer, RoR",Workato,"Barcelona, Cataluña",80000.0,249
Ruby,Junior UI/UX Engineer,Ruby Labs,Madrid,,249
Ruby,Senior Software Engineer - Madrid based,Aircall,Madrid,,249
Ruby,Senior C/Unix/Web Programmer,SD Worx,Barcelona,,249
Ruby,"Junior Developer, presencial",Appdrawn,España,,249
Ruby,iPaaS Specialist,IT8,"Almussafes, Valencia",,249
Ruby,DevOps. Híbrido. Madrid,,España,,249
Ruby,Devops Gcp (Especialista En Kubernetes Y Gitlab) - Cliente Final,Inneva Pharma,Murcia,,249
Ruby,Devops Gcp (Especialista En Kubernetes Y Gitlab) - Cliente Final,Inneva Pharma,Palencia,,249
Ruby,Devops Gcp (Especialista En Kubernetes Y Gitlab) - Cliente Final,Inneva Pharma,"Mos, Pontevedra",,249
Ruby,Devops Gcp (Especialista En Kubernetes Y Gitlab) - Cliente Final,Inneva Pharma,Lugo,,249
Ruby,Devops Gcp (Especialista En Kubernetes Y Gitlab) - Cliente Final,Inneva Pharma,"Oña, Burgos",,249
Ruby,Devops Gcp (Especialista En Kubernetes Y Gitlab) - Cliente Final,Inneva Pharma,España,,249
Ruby,Devops Gcp (Especialista En Kubernetes Y Gitlab) - Cliente Final,Inneva Pharma,Ávila,,249
Ruby,Devops Gcp (Especialista En Kubernetes Y Gitlab) - Cliente Final,Inneva Pharma,Almería,,249
Ruby,Devops Gcp (Especialista En Kubernetes Y Gitlab) - Cliente Final,Inneva Pharma,Valencia,,249
Ruby,Devops Gcp (Especialista En Kubernetes Y Gitlab) - Cliente Final,Inneva Pharma,Madrid,,249
Ruby,Devops Gcp (Especialista En Kubernetes Y Gitlab) - Cliente Final,Inneva Pharma,España,,249
Ruby,Devops Gcp (Especialista En Kubernetes Y Gitlab) - Cliente Final,Inneva Pharma,"Vitoria-Gasteiz, Álava",,249
Ruby,Devops Gcp (Especialista En Kubernetes Y Gitlab) - Cliente Final,Inneva Pharma,A Coruña,,249
Ruby,Devops Gcp (Especialista En Kubernetes Y Gitlab) - Cliente Final,Inneva Pharma,Tarragona,,249
Ruby,Devops Gcp (Especialista En Kubernetes Y Gitlab) - Cliente Final,Inneva Pharma,"Vitoria-Gasteiz, Álava",,249
Ruby,Devops Gcp (Especialista En Kubernetes Y Gitlab) - Cliente Final,Inneva Pharma,Madrid,,249
Ruby,Devops Gcp (Especialista En Kubernetes Y Gitlab) - Cliente Final,Inneva Pharma,"Arbo, Pontevedra",,249
Ruby,Devops Gcp (Especialista En Kubernetes Y Gitlab) - Cliente Final,Inneva Pharma,"Arbo, Pontevedra",,249
Ruby,Devops Gcp (Especialista En Kubernetes Y Gitlab) - Cliente Final,Inneva Pharma,Valladolid,,249
Ruby,Devops Gcp (Especialista En Kubernetes Y Gitlab) - Cliente Final,Inneva Pharma,Valencia,,249
Ruby,Devops Gcp (Especialista En Kubernetes Y Gitlab) - Cliente Final,Inneva Pharma,España,,249
Ruby,Devops Gcp (Especialista En Kubernetes Y Gitlab) - Cliente Final,Inneva Pharma,"Mos, Pontevedra",,249
Ruby,Devops Gcp (Especialista En Kubernetes Y Gitlab) - Cliente Final,Inneva Pharma,España,,249
Ruby,Devops Gcp (Especialista En Kubernetes Y Gitlab) - Cliente Final,Inneva Pharma,"Arbo, Pontevedra",,249
Ruby,Devops Gcp (Especialista En Kubernetes Y Gitlab) - Cliente Final,Inneva Pharma,Málaga,,249
Ruby,Devops Gcp (Especialista En Kubernetes Y Gitlab) - Cliente Final,Inneva Pharma,Madrid,,249
Ruby,Devops Gcp (Especialista En Kubernetes Y Gitlab) - Cliente Final,Inneva Pharma,Madrid,,249
Ruby,Devops Gcp (Especialista En Kubernetes Y Gitlab) - Cliente Final,Inneva Pharma,"Arbo, Pontevedra",,249
Ruby,Devops Gcp (Especialista En Kubernetes Y Gitlab) - Cliente Final,Inneva Pharma,A Coruña,,249
Ruby,Devops Gcp (Especialista En Kubernetes Y Gitlab) - Cliente Final,Inneva Pharma,Zaragoza,,249
Ruby,Devops Gcp (Especialista En Kubernetes Y Gitlab) - Cliente Final,Inneva Pharma,Badajoz,,249
Ruby,Devops Gcp (Especialista En Kubernetes Y Gitlab) - Cliente Final,Inneva Pharma,"Chantada, Lugo",,249
Ruby,Devops Gcp (Especialista En Kubernetes Y Gitlab) - Cliente Final,Inneva Pharma,Granada,,249
Ruby,Devops Gcp (Especialista En Kubernetes Y Gitlab) - Cliente Final,Inneva Pharma,Barcelona,,249
Ruby,Devops Gcp (Especialista En Kubernetes Y Gitlab) - Cliente Final,Inneva Pharma,Lleida,,249
Ruby,Devops Gcp (Especialista En Kubernetes Y Gitlab) - Cliente Final,Inneva Pharma,"Álava, País Vasco",,249
Ruby,Devops Gcp (Especialista En Kubernetes Y Gitlab) - Cliente Final,Inneva Pharma,Valencia,,249
Ruby,Devops Gcp (Especialista En Kubernetes Y Gitlab) - Cliente Final,Inneva Pharma,"Vitoria-Gasteiz, Álava",,249
Ruby,Devops Gcp (Especialista En Kubernetes Y Gitlab) - Cliente Final,Inneva Pharma,"Vitoria-Gasteiz, Álava",,249
Ruby,Devops Gcp (Especialista En Kubernetes Y Gitlab) - Cliente Final,Inneva Pharma,"Mos, Pontevedra",,249
Ruby,Devops Gcp (Especialista En Kubernetes Y Gitlab) - Cliente Final,Inneva Pharma,Huelva,,249
Ruby,Devops Gcp (Especialista En Kubernetes Y Gitlab) - Cliente Final,Inneva Pharma,Pontevedra,,249
Ruby,Devops Gcp (Especialista En Kubernetes Y Gitlab) - Cliente Final,Inneva Pharma,España,,249
Ruby,Devops Gcp (Especialista En Kubernetes Y Gitlab) - Cliente Final,Inneva Pharma,Pontevedra,,249
Ruby,Devops Gcp (Especialista En Kubernetes Y Gitlab) - Cliente Final,Inneva Pharma,"Arbo, Pontevedra",,249
Ruby,Devops Gcp (Especialista En Kubernetes Y Gitlab) - Cliente Final,Inneva Pharma,Valencia,,249
Ruby,Devops Gcp (Especialista En Kubernetes Y Gitlab) - Cliente Final,Inneva Pharma,Valladolid,,249
Ruby,Devops Gcp (Especialista En Kubernetes Y Gitlab) - Cliente Final,Inneva Pharma,"Chantada, Lugo",,249
Ruby,Senior FullStack Engineer – Elixir,E-Frontiers,España,,249
Ruby,BMC Helix Administrator (Remote),Müller`s Solutions,España,,249
Ruby,Administrador de sistemas IT,The Yellow Nest Group,"Terrassa, Barcelona",,249
Ruby,Senior Software Engineer (Barcelona),Jordan martorell s.l.,"Barcelona, Cataluña",80000.0,249
Ruby,Front-end Software Engineer at AREX,Arex Blockchain Real Estate,Madrid,,249
Ruby,Administrador de sistemas IT,The Yellow Nest Group,"Terrassa, Barcelona",80000.0,249
Ruby,(Senior) Devops Engineer Â Blockchain Environment Â Full Remote,GoPro Consultancy,Madrid,,249
Ruby,Technical Lead,Devop.One,"Madrid, Comunidad de Madrid",80000.0,249
Ruby,Senior Elixir Software Engineer,Kantox,España,,249
Ruby,Intership,San Lorenzo,España,,249
Ruby,Lead Software Engineer (SDE V) - Core Operations Services,Groupon,Valencia,,249
Ruby,Senior Full-stack Engineer (frontend-heavy),Preply,"Barcelona, Cataluña",80000.0,249
Ruby,Full Stack Java Senior,JR Spain,"Vigo, Pontevedra",100000.0,249
Ruby,Lead Software Engineer (TypeScript/Node.js),Groupon,España,,249
Ruby,Mid/Senior Software Engineer,Factorial,Barcelona,,249
Ruby,Cloud Security Operations,Talent-R,España,,249
Ruby,Senior Site Reliability Engineer,RetailNext,España,,249
Ruby,"Backend Engineer, UI Services",Stripe,Barcelona,,249
Ruby,Technical Lead,JR Spain,"Madrid, Comunidad de Madrid",80000.0,249
Ruby,Senior Elixir Software Engineer,Kantox,"Barcelona, Cataluña",80000.0,249
Ruby,Senior Software Engineer - Madrid hybrid,Aircall,"Madrid, Comunidad de Madrid",100000.0,249
Ruby,Solutions Architect,Ant International,España,,249
Go,Desarrollador GO,RDT,"Derio, Vizcaya",,5014
Go,Senior Go Developer,FYST,España,,5014
Go,Software Engineer (Go/Golang),Abbott,Barcelona,,5014
Go,Senior Go Engineer,Description Ciklum,España,,5014
Go,Expert Go Engineer,Description Ciklum,España,,5014
Go,Engineer_Monopoly GO,Scopely,España,,5014
Go,Go Backend Engineer,Talent-R,España,,5014
Go,Backend Developer Go,Loyal Guru,"Sant Adrià de Besòs, Barcelona",,5014
Go,GTM (Go-to-market) Specialist.,Eurofirms People First,Madrid,,5014
Go,Senior Go Software Engineer,Ciklum,España,80000.0,5014
Go,QA Director - Monopoly GO!,Scopely,España,,5014
Go,Level Designer - Monopoly GO!,Scopely,España,,5014
Go,Engineering Manager- Monopoly Go!,Scopely,Barcelona,,5014
Go,UX Director - Monopoly GO!,Scopely,España,,5014
Go,Senior Engineer_ Monopoly GO,Scopely,"Barcelona, Cataluña",137500.0,5014
Go,Technical Artist - Monopoly GO!,Scopely,España,,5014
Go,Senior Engineer_ Monopoly Go,Scopely,Barcelona,,5014
Go,Staff Engineer_Monopoly GO!,Scopely,España,,5014
Go,Engineering Manager- Monopoly GO!,Scopely,España,,5014
Go,Senior Engineer_Monopoly GO,Scopely,España,,5014
Go,Senior Engineer_ Monopoly GO,Scopely,"Barcelona, Cataluña",80000.0,5014
Go,Staff Software Engineer (GO),Cloudera,España,,5014
Go,GO Senior Software Engineer,Thunes,España,,5014
Go,Software Engineer Go - Isovalent (Europe Remote),Cisco,Barcelona,,5014
Go,Golang/Go Developer LLM – Remote,YO IT CONSULTING,España,,5014
Go,Senior Developer - PHP or GO,Page Personnel ETT,Barcelona,,5014
Go,GO TRUCK - perfil IT  BI,CLARA.IA,"Ontígola, Toledo",,5014
Go,Backend Developer (Go/Kotlin) ID48361,AgileEngine,Valencia,,5014
Go,Backend Developer (Go/Kotlin) ID48361,AgileEngine,Barcelona,,5014
Go,Backend Developer (Go/Kotlin) ID48361,AgileEngine,Madrid,,5014
Go,Senior QA Manager - Monopoly GO!,Scopely,España,,5014
Go,Motion Design Lead - Monopoly GO,Scopely,España,,5014
Go,Marketing Data Analyst- Monopoly Go!,Scopely,España,,5014
Go,Marketing Data Analyst- Monopoly Go!,Scopely,Barcelona,,5014
Go,Marketing Data Analyst- Monopoly Go!,Scopely,Barcelona,,5014
Go,Senior UI Artist - Monopoly GO!,Scopely,España,,5014
Go,Senior Ui Artist - Monopoly Go!,Scopely,Barcelona,,5014
Go,Senior UI Artist - Monopoly GO!,Scopely,España,,5014
Go,Senior Art Producer- Monopoly GO!,Scopely,España,,5014
Go,Senior QA Analyst - Monopoly GO!,Scopely,España,,5014
Go,Senior QA Analyst - Monopoly GO!,Scopely,España,,5014
Go,Senior Creative Lead Monopoly GO,Scopely,España,,5014
Go,Senior Software Engineer – Go & Kubernetes,Lawrence Harvey,"Barcelona, Cataluña",80000.0,5014
Go,Senior Analytics Engineer - Monopoly GO!,Scopely,España,,5014
Go,Senior 2D Artist - Monopoly GO!,Scopely,España,,5014
Go,Senior Product Manager Monopoly GO!,Scopely,España,,5014
Go,Lead 3D Artist - Monopoly GO!,Scopely,España,,5014
Go,Lead Game Designer - Monopoly GO!,Scopely,España,,5014
Go,Senior Product Manager Monopoly GO!,Scopely,"Sevilla, Andalucía",80000.0,5014
Go,Senior Product Manager Monopoly Go,Scopely,Sevilla,,5014
Go,"Software Engineer, Solidity & Go (Web3)",Bitpanda,España,,5014
Go,Web Tools Engineer_ Monopoly GO,Scopely,España,,5014
Go,Go-to-Market Talent Partner,Perk,"Barcelona, Cataluña",100000.0,5014
Go,Go-to-Market Talent Partner,Perk,Barcelona,,5014
Go,Go-to-Market Talent Partner,Perk,"Barcelona, Cataluña",100000.0,5014
Go,Go-To-Market Senior Engineer,FeverUp,España,,5014
Go,ES - Go to Market Analyst,Job&Talent,España,,5014
Go,Senior Go-to-Market Operations Manager,Doctoralia España,Barcelona,,5014
Go,Barcelona Tech Role Lets Go Dutch,Cross Border Talents,Barcelona,,5014
Go,Go/Golang Engineer -AI Training - Remote,YO IT CONSULTING,Madrid,,5014
Go,Senior Live Ops Producer Monopoly GO!,Scopely,España,,5014
Go,"Desarrollo Python, Bash y Go. Madrid",,España,,5014
Go,"Senior SRE - Go, Cloud Reliability (Barcelona)",Okta for Developers,"Barcelona, Cataluña",80000.0,5014
Go,Backend Tech Lead (Go/Kotlin) ID48362,AgileEngine,Valencia,,5014
Go,"Senior Product Manager, Economy - Monopoly GO!",Scopely,"Barcelona, Cataluña",100000.0,5014
Go,Backend Tech Lead (Go/Kotlin) ID48362,AgileEngine,Madrid,,5014
Go,Backend Tech Lead (Go/Kotlin) ID48362,AgileEngine,Barcelona,,5014
Go,"Senior Product Manager, Monopoly GO! (Hybrid)",Scopely,"Sevilla, Andalucía",80000.0,5014
Go,"Senior Platform Engineer - Go, Kubernetes, Remote",Humanitec,"Barcelona, Cataluña",80000.0,5014
Go,CRM Specialist: DM & Go-to-Market,Amplifon,"Sant Adrià de Besòs, Barcelona",,5014
Go,Senior Observability Engineer - Go & Data Ingestion,PowerToFly,España,80000.0,5014
Go,"Senior Product Manager, Economy - Monopoly GO!",Scopely,"Barcelona, Cataluña",100000.0,5014
Go,Senior Go-to-Market Operations Manager,Doctoralia España,"Barcelona, Cataluña",80000.0,5014
Go,Internship Global Go-To-Market Operations,PUMA,España,,5014
Go,Senior Game Designer role - Monopoly GO!,Scopely,España,,5014
Go,Senior Game Designer Role - Monopoly Go!,Scopely,Barcelona,,5014
Go,"Senior Product Manager, Economy - Monopoly GO!",Scopely,España,,5014
Go,Senior Go-to-Market Operations Manager,Docplanner,"Barcelona, Cataluña",80000.0,5014
Go,Senior Go-to-Market Operations Manager,jameda GmbH,"Barcelona, Cataluña",80000.0,5014
Go,Staff Engineer (LiveOps Tools)_Monopoly Go,Scopely,España,,5014
Go,"Senior Software Engineer, Solidity & Go (Web3)",Bitpanda,España,,5014
Go,Staff Engineer (Liveops Tools)_Monopoly Go,Scopely,Barcelona,,5014
Go,Staff Economy Simulation Engineer_Monopoly GO!,Scopely,España,,5014
Go,Head of B2B & Go-to-Market,Bark.com,"Madrid, Comunidad de Madrid",100000.0,5014
Go,Head of B2B & Go-to-Market,Bark,Madrid,,5014
Go,"Lead, People Business Partner - Monopoly GO!",Scopely,España,,5014
Go,"Remote Lead Go Engineer, Commercial Systems",Canonical,"Barcelona, Cataluña",80000.0,5014
Go,Senior Go Backend Engineer – Distributed Microservices,Workato,"Madrid, Comunidad de Madrid",100000.0,5014
Go,Observability - Senior Software Engineer (Go/CI),Elastic,España,,5014
Go,Senior Go Engineer - Remote Cloud Healthcare SaaS,JR Spain,"Barcelona, Cataluña",80000.0,5014
Go,"Senior Software Engineer - Cloud, Kubernetes & Go/Python",Malwarebytes,España,80000.0,5014
Go,"Site Reliability Engineer - Go, Kubernetes, Cloud (Remote)",Okta for Developers,"Barcelona, Cataluña",80000.0,5014
Go,Senior Go Engineer – Cloud Health SaaS (Remote),Abbott Laboratories,"Barcelona, Cataluña",80000.0,5014
Go,"Senior Platform Engineer – Go, Kubernetes & Cloud (Remote)",Humanitec,"Barcelona, Cataluña",80000.0,5014
Go,Senior Project Manager - Studio Operations- Monopoly GO!,Scopely,España,,5014
Go,DEPENDIENTE POLIVALENTE CAJA / REPOSICIÓN para MAS&GO,Grupo MAS,España,,5014
Go,Senior Tech Producer - LiveOps Tooling - Monopoly Go!,Scopely,España,,5014
Go,Lead Artist 2D and 3D Monopoly GO,Scopely,España,,5014
Go,"Software Engineer, Backend (Go/Java, Reactive Systems)",Doodle,Madrid,,5014
Go,LiveOps Tooling - Senior QA Analyst - Monopoly GO!,Scopely,España,,5014
C++,C++ Software Engineer,Gameloft,Barcelona,,858
C++,DESARROLLADOR/A C++,RAS Recruiting,"Getafe, Madrid",,858
C++,Programador C/C++,Grupo NS,España,,858
C++,Empleo de C++,STANDBY.es,España,,858
C++,Software Engineer C++,Cognex Corporation,España,,858
C++,Desarrollador C++ (Banca),Common Management Solutions,"Torrelodones, Madrid",,858
C++,C++ Tech Lead,SITA Switzerland Sarl,Barcelona,,858
C++,Software Engineer C++,"Lantek Sheet Metal Solutions, S.L.U.","Bilbao, Vizcaya",,858
C++,"Desarrollador C/C++, hibrido",CMV Consultores,España,,858
C++,Senior Embedded C++ Developer,Jordan martorell s.l.,"Madrid, Comunidad de Madrid",80000.0,858
C++,Ingeniero C++ Tiempo Real,FERCHAU,"Ibiza, Islas Baleares",,858
C++,Ingeniero C++ Tiempo Real,FERCHAU,"Santander, Cantabria",,858
C++,Ingeniero C++ Tiempo Real,FERCHAU,"Mos, Pontevedra",,858
C++,Ingeniero C++ Tiempo Real,FERCHAU,Ávila,,858
C++,Ingeniero C++ Tiempo Real,FERCHAU,Salamanca,,858
C++,Ingeniero C++ Tiempo Real,FERCHAU,Sevilla,,858
C++,C++ Developer Cybersecurity Products,GMV,Madrid,,858
C++,Ingeniero C++ Tiempo Real,FERCHAU,España,,858
C++,Ingeniero C++ Tiempo Real,FERCHAU,"Alicante, Comunidad Valenciana",,858
C++,Ingeniero C++ Tiempo Real,FERCHAU,Pontevedra,,858
C++,Ingeniero C++ Tiempo Real,FERCHAU,Madrid,,858
C++,Ingeniero C++ Tiempo Real,FERCHAU,"Vitoria-Gasteiz, Álava",,858
C++,Ingeniero C++ Tiempo Real,FERCHAU,Lugo,,858
C++,Ingeniero C++ Tiempo Real,FERCHAU,Valladolid,,858
C++,Ingeniero C++ Tiempo Real,FERCHAU,"Chantada, Lugo",,858
C++,BackEnd Developer Batch C++,Mercadona,"Albalat dels Sorells, Valencia",100000.0,858
C++,Desarrollador Full Stack C++,Hispavista,España,,858
C++,Ingeniero C++ Tiempo Real,FERCHAU,Valencia,,858
C++,C++ Developer Cybersecurity Products,GMV,Madrid,,858
C++,Software Engineer C/C++,Lantek,Madrid,,858
C++,C/C++ Senior Engineer,,España,,858
C++,Software Engineer C/C++,"Lantek Sheet Metal Solutions, S.L.U.","Bilbao, Vizcaya",,858
C++,C++ Senior Software Engineer,GMV,Madrid,,858
C++,Ingeniero/a Software C++,Tecnobit-Grupo Oesía,"Valdepeñas, Ciudad Real",80000.0,858
C++,Ingeniero/a Software C++,Expleo,Madrid,,858
C++,Senior Rust/C++ Engineer (Backend),MLabs,España,,858
C++,Desarrollador/a C++ M/F,Akkodis,España,,858
C++,Desarrollador de SW C/C++,Novanotio,España,,858
C++,Programador/A C++/ Java (Remoto),Econocom,"Gijón, Asturias",,858
C++,Ingeniero C++ Tiempo Real (Alemania),FERCHAU,Madrid,,858
C++,Ingeniero C++ Tiempo Real (Alemania),FERCHAU,"Arbo, Pontevedra",,858
C++,Ingeniero C++ Tiempo Real (Alemania),FERCHAU,"Vitoria-Gasteiz, Álava",,858
C++,Ingeniero C++ Tiempo Real (Alemania),FERCHAU,Valencia,,858
C++,Ingeniero C++ Tiempo Real (Alemania),FERCHAU,"Mos, Pontevedra",,858
C++,Ingeniero C++ Tiempo Real (Alemania),FERCHAU,España,,858
C++,Ingeniero C++ Tiempo Real (Alemania),FERCHAU,"Álava, País Vasco",,858
C++,Ingeniero C++ Tiempo Real (Alemania),FERCHAU,Granada,,858
C++,Ingeniero C++ Tiempo Real (Alemania),FERCHAU,A Coruña,,858
C++,Ingeniero C++ Tiempo Real (Alemania),FERCHAU,"Chantada, Lugo",,858
C++,Ingeniero C++ Tiempo Real (Alemania),FERCHAU,Huelva,,858
C++,Ingeniero C++ Tiempo Real (Alemania),FERCHAU,Lleida,,858
C++,Ingeniero C++ Tiempo Real (Alemania),FERCHAU,Barcelona,,858
C++,Ingeniero C++ Tiempo Real (Alemania),FERCHAU,Valladolid,,858
C++,Ingeniero/a de Software C++,ALTEN,España,,858
C++,Ingeniero C++ Tiempo Real (Alemania),FERCHAU,Madrid,,858
C++,Senior SW Developer C++ 2,Capgemini Engineering,"Madrid, Comunidad de Madrid",117500.0,858
C++,Senior SW Developer C++ 2,CAPGEMINI ENGINEERING,España,,858
C++,Senior SW Developer C++ 2,Capgemini Engineering,Madrid,,858
C++,Desarrollador/a de Software C++,,España,,858
C++,Junior SW C++ Developers 2,CAPGEMINI ENGINEERING,España,,858
C++,"Senior Embedded C++ Engineer — Flexible, Remote",Client Server,"Madrid, Comunidad de Madrid",80000.0,858
C++,Senior C++ Engineer – Platform & Test Automation,King,España,,858
C++,"Ingeniero/a de Software (C++, ADA)",ALTEN,España,,858
C++,Senior Game Engineer - C++ & Graphics (Mobile),Blizzard Entertainment,"Barcelona, Cataluña",80000.0,858
C++,Remote: Cross-Platform C++ Engineering Manager,Canonical,"Salamanca, Castilla y León",80000.0,858
C++,Remote Cross-Platform C++ Engineering Manager,Canonical,"Barcelona, Cataluña",100000.0,858
C++,Remote Cross-Platform C++ Engineering Manager,Canonical,España,80000.0,858
C++,Senior Engineer C/ C++ *La Marañosa,Capgemini Engineering,"Madrid, Comunidad de Madrid",80000.0,858
C++,Senior C++ Engineer – Platform & Test Automation,Blizzard Entertainment,"Barcelona, Cataluña",80000.0,858
C++,Senior Engineer C/ C++ *La Marañosa,Jordan martorell s.l.,"Madrid, Comunidad de Madrid",80000.0,858
C++,Senior Engineer C/ C++ *La Marañosa,Capgemini,Madrid,,858
C++,INGENIERO/A DE SOFTWARE (C++ AUDIO),RAS Recruiting,"Getafe, Madrid",,858
C++,C++ Developer ( Inglés alto)- Hibrido Barcelona,SlashMobility,"Barcelona, Cataluña",,858
C++,Desarrollador/a ADA/C++ - Sistemas ATM,Sopra-Steria,Madrid,,858
C++,Desarrollador/a ADA/C++ - Sistemas ATM,Sopra-Steria,Madrid,,858
C++,Desarrollador/a de Software C++/Rust,,España,,858
C++,Remote Software Engineering Manager - Cross-Platform C++,Canonical,"Madrid, Comunidad de Madrid",100000.0,858
C++,"Embedded C/C++ Engineer – Aerospace, Hybrid/Remote",Jordan martorell s.l.,"Madrid, Comunidad de Madrid",80000.0,858
C++,Desarrollador/a de Software C++ ( Entorno Windows ),VVA Consultants,"Parets del Vallès, Barcelona",80000.0,858
C++,C++ Developer For Innovation Projects In Cybersecurity,GMV,Madrid,,858
C++,Ingeniero/a Software de Python y C++,GMV,Madrid,,858
C++,"Remote Lead, Cross-Platform C++ Software Engineering",Canonical,"Sevilla la Nueva, Madrid",80000.0,858
C++,"Remote: Senior Manager, Cross-Platform C++ Engineering",Canonical,"Murcia, Región de Murcia",80000.0,858
C++,Software Engineering Manager - Cross-platform C++ - Multipass,Canonical,"Madrid, Comunidad de Madrid",100000.0,858
C++,Senior Flight Software Engineer (Rust/C/C++),jobr.pro,"Barcelona, Cataluña",80000.0,858
C++,Remote Software Engineering Manager - Cross-Platform C++,Canonical,"Valencia, Comunidad Valenciana",80000.0,858
C++,Software Engineering Manager - Cross-platform C++ - Multipass,Canonical,España,80000.0,858
C++,Unreal Engine 5 C++ / Blueprints Multiplayer Programmer,Univrse,"Alicante, Comunidad Valenciana",,858
C++,Software Engineering Manager - Cross-platform C++ - Multipass,Canonical,"Murcia, Región de Murcia",80000.0,858
C++,Software Engineering Manager - Cross-platform C++ - Multipass,Canonical,"Barcelona, Cataluña",100000.0,858
C++,Software Engineering Manager - Cross-platform C++ - Multipass,Canonical,"Valencia, Comunidad Valenciana",80000.0,858
C++,Software Engineering Manager - Cross-platform C++ - Multipass,Canonical,"Sevilla la Nueva, Madrid",80000.0,858
C++,Software Engineering Manager - Cross-platform C++ - Multipass,Canonical,"Salamanca, Castilla y León",80000.0,858
C++,"Staff Software Engineer, Storage (Java or C++))",Cloudera,España,,858
C++,Remote Lead C++/Qt Engineer – High-Impact Contract,Archer Recruitment,España,80000.0,858
C++,"Senior Embedded C++ Engineer – Remote, AI Video Analytics",Jordan martorell s.l.,"Madrid, Comunidad de Madrid",80000.0,858
C++,Especialista En Sistemas De Información Y Desarrollo C++,Voiping US,Málaga,,858
C++,Especialista En Sistemas De Información Y Desarrollo C++,Voiping US,"Arbo, Pontevedra",,858
C++,Especialista En Sistemas De Información Y Desarrollo C++,Voiping US,"Vitoria-Gasteiz, Álava",,858
C++,Especialista En Sistemas De Información Y Desarrollo C++,Voiping US,Madrid,,858